player_id,player,position,team,sleeper_rank,bye_week,sleeper_proj_dollar,season_pts_half_ppr,week1_pts_half_ppr,week2_pts_half_ppr,week3_pts_half_ppr
4984,Josh Allen,QB,BUF,1,7,59,361.5,23.85,23.79,23.68
9509,Bijan Robinson,RB,ATL,2,11,54,292.9,18.21,18.85,18.22
11564,Drake Maye,QB,NE,3,11,54,320.76,20.68,20.31,20.43
9221,Jahmyr Gibbs,RB,DET,4,6,51,299.9,18.63,18.3,17.53
7564,Ja'Marr Chase,WR,CIN,5,6,49,256.6,16.48,16.19,16.24
9493,Puka Nacua,WR,LAR,6,11,48,259,15.88,16.09,15.79
9488,Jaxon Smith-Njigba,WR,SEA,7,11,46,235.1,15.27,15.46,15.62
11566,Jayden Daniels,QB,WAS,8,7,42,313.72,20.13,20.85,20.05
4034,Christian McCaffrey,RB,SF,9,8,42,256,16.1,16.38,16.38
6770,Joe Burrow,QB,CIN,10,6,41,306.12,22.79,22.5,22.56
4881,Lamar Jackson,QB,BAL,11,13,41,326,21.84,20.61,21.12
6813,Jonathan Taylor,RB,IND,12,13,38,254.3,15.6,15.99,16.14
8138,James Cook,RB,BUF,13,7,37,245.3,14.05,14.86,14.76
11560,Caleb Williams,QB,CHI,14,10,36,299.34,20.39,19.9,19.94
6786,CeeDee Lamb,WR,DAL,15,14,36,222.5,13.32,13.36,12.96
7547,Amon-Ra St. Brown,WR,DET,16,6,36,227.5,14.27,13.98,14.33
6794,Justin Jefferson,WR,MIN,17,6,36,205.4,12.76,12.89,12.89
8112,Drake London,WR,ATL,18,11,35,205.2,13.24,13.43,13.37
8151,Kenneth Walker,RB,KC,19,5,35,225.5,14.42,14.53,14.29
12527,Ashton Jeanty,RB,LV,20,13,35,234.5,14.03,13.75,13.58
9226,De'Von Achane,RB,MIA,21,6,35,217.9,14.64,14.33,14.4
8130,Trey McBride,TE,ARI,22,14,34,186.9,12.17,12.12,12.24
12508,Jaxson Dart,QB,NYG,23,8,33,296.54,21.2,20.84,20.94
6797,Justin Herbert,QB,LAC,24,7,33,295.48,21.33,21.21,21.08
6904,Jalen Hurts,QB,PHI,25,10,33,310.54,21.9,21.56,21.86
4046,Patrick Mahomes,QB,KC,26,5,32,286.68,20.31,19.97,20.85
12507,Omarion Hampton,RB,LAC,27,7,32,218.9,12.85,12.82,13
11632,Malik Nabers,WR,NYG,28,8,32,192.3,10.38,11.78,11.92
4866,Saquon Barkley,RB,PHI,29,10,30,228.2,12.28,12,12.45
13287,Jeremiyah Love,RB,ARI,30,14,30,212,13.37,13.03,13.15
7523,Trevor Lawrence,QB,JAX,31,7,29,303.42,20.38,19.88,20.12
7569,Nico Collins,WR,HOU,32,8,28,210.5,12.72,12.8,12.78
11563,Bo Nix,QB,DEN,33,10,28,295.72,19.96,20.1,20.07
9224,Chase Brown,RB,CIN,34,6,28,226.7,13.27,13.6,13.14
8137,George Pickens,WR,DAL,35,14,27,205.7,12.5,12.94,12.58
8183,Brock Purdy,QB,SF,36,8,27,303.2,20.42,21.65,21.51
11604,Brock Bowers,TE,LV,37,13,26,202.5,11.01,12.53,12.56
8144,Chris Olave,WR,NO,38,8,26,191.8,12.31,11.87,12.07
13269,Fernando Mendoza,QB,LV,39,13,26,212.16,13.59,13.51,13.53
5850,Josh Jacobs,RB,GB,40,11,25,186.1,12.62,12.69,12.94
5859,A.J. Brown,WR,NE,41,11,25,209.5,12.48,13.69,13.75
11584,Bucky Irving,RB,TB,42,10,25,179.3,10.8,10.87,10.46
10229,Rashee Rice,WR,KC,43,5,25,193.1,11.82,12.03,12.68
3294,Dak Prescott,QB,DAL,44,14,24,303.88,21.05,21.85,20.89
3198,Derrick Henry,RB,BAL,45,13,24,238.4,14.2,13.93,14.15
6801,Tee Higgins,WR,CIN,46,6,24,179.9,12.16,11.93,11.97
12526,Tetairoa McMillan,WR,CAR,47,5,23,178.9,11.96,11.81,11.69
8155,Breece Hall,RB,NYJ,48,13,20,195.6,12.16,12.54,12.82
6804,Jordan Love,QB,GB,49,11,20,278.52,19.45,19.59,19.91
8150,Kyren Williams,RB,LAR,50,11,20,192,11.23,11.84,11.28
8146,Garrett Wilson,WR,NYJ,51,13,20,188.1,10.69,10.26,10.27
12519,Luther Burden,WR,CHI,52,10,19,166.7,11.73,11.56,11.53
7543,Travis Etienne,RB,NO,53,8,19,189.7,10.73,10.19,10.62
7588,Javonte Williams,RB,DAL,54,14,19,188.8,12.67,12.17,11.7
7526,Jaylen Waddle,WR,DEN,55,10,18,163.7,10.83,10.89,10.88
2133,Davante Adams,WR,LAR,56,11,18,157.7,10.51,10.63,10.43
11635,Ladd McConkey,WR,LAC,57,7,18,171.8,11.38,10.57,10.42
12517,Colston Loveland,TE,CHI,58,10,18,173.4,10.2,10.33,10.31
9997,Zay Flowers,WR,BAL,59,13,17,187.7,12.94,12.1,12.38
8148,Jameson Williams,WR,DET,60,6,16,176.2,10.24,10.06,10.29
12529,TreVeyon Henderson,RB,NE,61,11,16,162,10.1,10.41,10.71
7525,DeVonta Smith,WR,PHI,62,10,15,189.2,11.04,10.95,10.95
12514,Emeka Egbuka,WR,TB,63,10,15,182.5,11.39,11.23,11.18
4892,Baker Mayfield,QB,TB,64,10,15,274.88,19.29,19.05,18.78
3163,Jared Goff,QB,DET,65,6,15,283.46,20.71,20.4,20.76
5927,Terry McLaurin,WR,WAS,66,7,14,178.7,11.3,11.67,11.28
12518,Tyler Warren,TE,IND,67,13,14,159.6,10.4,10.47,10.51
12489,RJ Harvey,RB,DEN,68,10,13,125.6,8.43,8.51,8.31
4983,DJ Moore,WR,BUF,69,7,13,147.5,9.27,8.84,8.77
12481,Cam Skattebo,RB,NYG,70,8,13,187.5,10.86,10.35,10.41
12490,Bhayshul Tuten,RB,JAX,71,7,13,158.8,9.12,8.81,8.75
12522,Cam Ward,QB,TEN,72,9,13,227.84,18.03,17.56,18.08
2216,Mike Evans,WR,SF,73,8,13,187.2,11.61,11.6,11.51
13279,Carnell Tate,WR,TEN,74,9,12,154.8,8.38,9.12,9.45
6790,D'Andre Swift,RB,CHI,75,10,12,187.2,10.35,9.81,9.88
9758,C.J. Stroud,QB,HOU,76,8,12,238.2,18.53,19.32,19.24
12512,Quinshon Judkins,RB,CLE,77,11,11,180,10.61,10.93,11.61
12545,Tyler Shough,QB,NO,78,8,11,270.94,18.76,18.24,18.84
12506,Harold Fannin,TE,CLE,79,11,11,143.4,9.24,8.61,8.59
4943,Sam Darnold,QB,SEA,80,11,11,262.74,18.62,19.01,19.21
8167,Christian Watson,WR,GB,81,11,10,159.9,9.62,9.7,9.76
5892,David Montgomery,RB,HOU,82,8,10,185.6,11.55,11.63,11.47
8228,Jaylen Warren,RB,PIT,83,9,10,152.6,11.16,10.88,11.28
5849,Kyler Murray,QB,MIN,84,6,9,265.2,18.11,18.41,18.23
11620,Rome Odunze,WR,CHI,85,10,9,167.9,11.34,11.2,11.17
13281,Jordyn Tyson,WR,NO,86,8,9,145.6,8.4,8.3,8.44
9228,Bryce Young,QB,CAR,87,5,9,235.58,17.97,17.77,17.63
421,Matthew Stafford,QB,LAR,88,11,8,280.22,19.36,19.56,19.17
9484,Tucker Kraft,TE,GB,89,11,8,140.9,8.04,8.1,8.15
5045,Courtland Sutton,WR,DEN,90,10,8,144.8,8.28,8.33,8.33
7553,Kyle Pitts,TE,ATL,91,11,8,138.6,8.5,8.99,8.94
5870,Daniel Jones,QB,IND,92,13,8,223.54,16.17,16.49,16.62
8161,Malik Willis,QB,MIA,93,6,8,270.12,18.05,17.99,17.96
5846,DK Metcalf,WR,PIT,94,9,7,152.3,9.89,9.68,9.83
7611,Rhamondre Stevenson,RB,NE,95,11,7,151.8,9.71,9.98,10.29
10232,Michael Wilson,WR,ARI,96,14,7,136.5,8.95,9.25,9.34
13294,Makai Lemon,WR,PHI,97,10,7,138.5,6.87,6.81,6.81
5947,Jakobi Meyers,WR,JAX,98,7,6,137.3,8.15,8,8.12
11631,Brian Thomas,WR,JAX,99,7,6,164.4,8.47,8.79,8.92
12534,Kyle Monangai,RB,CHI,100,10,6,143.1,9.38,8.89,8.95
10859,Sam LaPorta,TE,DET,101,6,6,158.5,8.47,8.29,8.51
10236,Dalton Kincaid,TE,BUF,102,7,5,130.6,7.84,7.63,7.57
11628,Marvin Harrison,WR,ARI,103,14,5,155.2,9.94,9.38,9.48
5967,Tony Pollard,RB,TEN,104,9,5,146.1,9.18,9.41,9.59
7021,Rico Dowdle,RB,PIT,105,9,5,142.1,9.73,9.48,9.84
12493,Oronde Gadsden,TE,LAC,106,7,5,113.8,5.96,5.94,5.85
7594,Chuba Hubbard,RB,CAR,107,5,5,148.4,11.08,11.01,11.18
11586,Blake Corum,RB,LAR,108,11,5,127.8,7.88,8.36,7.93
11638,Ricky Pearsall,WR,SF,109,8,4,,,,
8142,Alec Pierce,WR,IND,110,13,4,150.9,6.76,9.03,9.06
4037,Chris Godwin,WR,TB,111,10,3,139.6,8.89,8.76,8.73
9487,Parker Washington,WR,JAX,112,7,3,158.2,9.55,9.06,9.19
3214,Hunter Henry,TE,NE,113,11,3,124.5,8.22,7.91,7.95
5022,Dallas Goedert,TE,PHI,114,10,3,109.5,6.41,6.36,6.36
6806,J.K. Dobbins,RB,DEN,115,10,3,147.2,8.54,8.61,8.4
5012,Mark Andrews,TE,BAL,116,13,2,132.5,7.97,7.46,7.63
8110,Jake Ferguson,TE,DAL,117,14,2,124.8,7.64,7.93,7.68
5001,Dalton Schultz,TE,HOU,118,8,2,106,6.39,6.68,6.67
9756,Jordan Addison,WR,MIN,119,6,2,141.7,9.28,9.37,9.37
13275,Ty Simpson,QB,LAR,120,11,2,13.62,,,
4217,George Kittle,TE,SF,121,8,2,138.3,6.22,6.58,6.54
8154,Brian Robinson,RB,ATL,122,11,2,63.4,4.79,5.07,4.85
7002,Juwan Johnson,TE,NO,123,8,2,109.6,7.07,6.99,7.11
9480,Brenton Strange,TE,JAX,124,7,2,129.5,6.73,6.61,6.72
8126,Wan'Dale Robinson,WR,TEN,125,9,2,130.1,8.1,7.82,8.1
1466,Travis Kelce,TE,KC,126,5,2,136.4,8.53,8.93,9.43
6819,Michael Pittman,WR,PIT,127,9,1,136.4,8.52,8.33,8.47
13330,Kenyon Sadiq,TE,NYJ,128,13,1,105.1,5.28,5.07,5.08
9754,Quentin Johnston,WR,LAC,129,7,1,134.9,9.38,9.36,9.23
4199,Aaron Jones,RB,MIN,130,6,1,120.1,10.8,10.99,10.71
7567,Kenny Gainwell,RB,TB,131,10,1,128.8,7.98,7.98,7.75
8131,Isaiah Likely,TE,NYG,132,8,1,126.3,6.98,6.98,7.06
2449,Stefon Diggs,WR,,133,,1,132.5,,,
8132,Tyler Allgeier,RB,ARI,134,14,1,65.4,5.35,5.17,5.21
8121,Romeo Doubs,WR,NE,135,11,1,132.7,7.34,8.48,8.52
4137,James Conner,RB,ARI,136,14,1,51.7,1.92,1.88,1.9
10222,Jayden Reed,WR,GB,137,11,1,153.8,9.83,9.91,9.98
12533,Jacory Croskey-Merritt,RB,WAS,138,7,1,118.4,7.57,7.78,7.52
8134,Khalil Shakir,WR,BUF,139,7,1,132,8.46,8.25,8.18
7049,Jauan Jennings,WR,MIN,140,6,1,86.2,7.42,5.99,5.99
11624,Xavier Worthy,WR,KC,141,5,1,134,8.44,8.94,9.36
13286,Jadarian Price,RB,SEA,142,11,1,160.5,8.37,8.71,8.63
11603,AJ Barner,TE,SEA,143,11,1,113.4,7.01,7.11,7.19
9753,Zach Charbonnet,RB,SEA,144,11,1,61.7,2.95,3.05,3.04
6768,Tua Tagovailoa,QB,ATL,145,11,1,137.94,10.8,11.36,11.29
12484,Jayden Higgins,WR,HOU,146,8,1,136.9,8.01,8.37,8.35
5844,T.J. Hockenson,TE,MIN,147,6,1,122,6.61,6.69,6.69
12474,Woody Marks,RB,HOU,148,8,1,74.3,6.26,6.3,6.21
13298,KC Concepcion,WR,CLE,149,11,1,127.4,7.9,7.38,7.37
11559,Michael Penix,QB,ATL,150,11,1,108.38,6.51,6.84,6.79
11565,J.J. McCarthy,QB,MIN,151,6,1,19.62,,,
4033,David Njoku,TE,LAC,152,7,1,64.2,1.14,1.13,1.12
11646,Jalen Coker,WR,CAR,153,5,1,135.9,8.86,8.75,8.66
11655,Tyrone Tracy,RB,NYG,154,8,1,100.8,7.21,6.83,6.88
8408,Jordan Mason,RB,MIN,155,6,1,143.7,7.79,7.94,7.68
9500,Josh Downs,WR,IND,156,13,1,137.4,10.88,8.77,8.8
13337,Emmett Johnson,RB,KC,157,5,1,59.2,2.78,2.79,2.74
6865,Colby Parkinson,TE,LAR,158,11,1,63.8,3.67,3.72,3.64
3257,Jacoby Brissett,QB,ARI,159,14,1,160,17.34,16.89,17.1
8210,Chig Okonkwo,TE,WAS,160,7,1,113.6,5.91,6.11,5.9
11589,Trey Benson,RB,ARI,161,14,1,25.7,0.96,0.94,0.95
12524,Shedeur Sanders,QB,CLE,162,11,1,97.12,7.61,7.13,7.11
12498,Mason Taylor,TE,NYJ,163,13,1,60.8,3.38,3.24,3.24
13345,Jonah Coleman,RB,DEN,164,10,1,58.9,3.15,3.18,3.08
13349,Eli Stowers,TE,PHI,165,10,1,65.9,4.25,4.21,4.22
4035,Alvin Kamara,RB,NO,166,8,1,53,2.73,2.61,2.71
12487,Terrance Ferguson,TE,LAR,167,11,1,71.5,3.01,3.04,2.98
9508,Tyjae Spears,RB,TEN,168,9,1,97.1,6.06,6.1,6.27
8136,Rachaad White,RB,WAS,169,7,1,111.1,7.42,7.67,7.38
11597,Theo Johnson,TE,NYG,170,8,1,61.5,4.18,4.18,4.23
3321,Tyreek Hill,WR,,171,,1,77.2,,,
8111,Cade Otton,TE,TB,172,10,1,100,5.92,5.82,5.79
5872,Deebo Samuel,WR,SF,173,,1,127.7,7.62,8.09,8.03
13276,Omar Cooper,WR,NYJ,174,13,1,104.6,6.6,6.35,6.35
12469,Dylan Sampson,RB,CLE,175,11,1,77.2,6.05,5.96,6.33
12502,Gunnar Helm,TE,TEN,176,9,1,101.8,6.24,6.02,6.24
13346,Denzel Boston,WR,CLE,177,11,1,99.9,6.38,6.32,6.29
13301,Antonio Williams,WR,WAS,178,7,1,79.5,5.87,6.06,5.86
12530,Travis Hunter,WR,JAX,179,7,1,83.1,3.3,2.99,3.04
7527,Mac Jones,QB,SF,180,8,1,26.72,,,
9229,Anthony Richardson,QB,IND,181,13,1,21.32,1.74,1.77,1.79
12501,Matthew Golden,WR,GB,182,11,1,132.3,7.36,7.42,7.49
6783,Jerry Jeudy,WR,CLE,183,11,1,98.1,6.49,5.37,5.35
11576,Braelon Allen,RB,NYJ,184,13,1,47.2,4.46,4.55,4.64
1373,Geno Smith,QB,NYJ,185,13,1,222.48,17.85,17.35,17.32
8676,Rashid Shaheed,WR,SEA,186,11,1,115.6,7.01,7.11,7.19
11625,Adonai Mitchell,WR,NYJ,187,13,1,80.8,3.96,3.8,3.8
9504,Kayshon Boutte,WR,NE,188,11,1,79.1,4.69,4.76,4.78
13305,Mike Washington,RB,LV,189,13,1,57.5,3.61,3.56,3.52
11618,Jalen McMillan,WR,TB,190,10,1,105.4,5.66,5.58,5.54
11647,Kimani Vidal,RB,LAC,191,7,1,53,2.79,2.78,2.84
10219,Chris Rodriguez,RB,JAX,192,7,1,125,7.79,7.51,7.43
11583,Jonathon Brooks,RB,CAR,193,5,1,108.5,5.61,5.57,5.64
11627,Troy Franklin,WR,DEN,194,10,1,70.6,4.73,4.75,4.75
12492,Pat Bryant,WR,DEN,195,10,1,78.9,5.05,5.08,5.08
9225,Tank Bigsby,RB,PHI,196,10,1,61.2,3.94,3.85,3.99
12540,Chimere Dike,WR,TEN,197,9,1,70.4,4.48,4.33,4.49
9511,Keaton Mitchell,RB,LAC,198,7,1,87.9,6.39,6.37,6.45
6803,Brandon Aiyuk,WR,SF,199,8,1,41.6,,,
8205,Isiah Pacheco,RB,DET,200,6,1,48.6,4.36,4.57,4.3
8698,Jake Tonges,TE,SF,201,8,1,55.8,3.56,3.78,3.75
9506,Sean Tucker,RB,TB,202,10,1,48.5,4.65,4.68,4.51
12509,Tre' Harris,WR,LAC,203,7,1,93.4,4.62,4.61,4.54
4981,Calvin Ridley,WR,TEN,204,9,1,63.8,4.25,4.1,4.25
13405,Kaytron Allen,RB,WAS,205,7,1,41.9,1.62,1.67,1.61
13293,Ja'Kobi Lane,WR,BAL,206,13,1,74.1,3.47,4.02,4.13
12535,Isaac TeSlaa,WR,DET,207,6,1,88.9,5.24,5.14,5.26
12499,Elic Ayomanor,WR,TEN,208,9,1,46.7,2.99,2.88,2.98
11435,Emanuel Wilson,RB,SEA,209,11,1,51,3.99,4.14,4.11
4018,Joe Mixon,RB,,210,,1,,,,
13320,Zachariah Branch,WR,ATL,211,11,1,82.1,4.13,4.37,4.33
9502,Tank Dell,WR,HOU,212,8,1,57.4,3.59,3.75,3.74
10213,Tre Tucker,WR,LV,213,13,1,91.8,6.17,6.19,6.21
7591,Justin Fields,QB,KC,214,5,1,34.72,0.63,1.36,1.42
13404,Garrett Nussmeier,QB,KC,215,5,1,,,,
11575,Ray Davis,RB,BUF,216,7,1,60.6,4,4.21,4.18
13288,Nicholas Singleton,RB,TEN,217,9,1,57.7,2.43,2.48,2.55
96,Aaron Rodgers,QB,PIT,218,9,1,177,17.23,16.74,17.15
12476,Devin Neal,RB,NO,219,8,1,28.4,2.3,2.2,2.28
7528,Najee Harris,RB,,220,,1,23.8,,,
12536,Jaylin Noel,WR,HOU,221,8,1,67.4,3.87,4.03,4.02
11643,Jaylen Wright,RB,MIA,222,6,1,41.1,3.08,3.01,3.03
12504,Kaleb Johnson,RB,PIT,223,9,1,29.5,1.46,1.42,1.48
13347,Demond Claiborne,RB,MIN,224,6,1,29,1.72,1.76,1.71
9494,Marvin Mims,WR,DEN,225,10,1,56.4,3.66,3.68,3.67
12510,Jalen Milroe,QB,SEA,226,11,1,13.86,,,
13274,Germie Bernard,WR,PIT,227,9,1,80.9,4.31,5.05,5.14
7090,Darnell Mooney,WR,NYG,228,8,1,49.1,4.82,4.82,4.87
12547,Kyle Williams,WR,NE,229,11,1,26.2,1.31,0.56,0.57
13317,Ted Hurst,WR,TB,230,10,1,79.9,1.83,1.8,1.79
9757,Kendre Miller,RB,NO,231,8,1,4.6,0.29,0.27,0.28
8180,Jalen Nailor,WR,LV,232,13,1,107.6,7.14,7.2,7.22
12455,Brashard Smith,RB,KC,233,5,1,17.9,1.09,1.1,1.09
11783,Ryan Flournoy,WR,DAL,234,14,1,97.7,5.52,5.71,5.55
12497,Tory Horton,WR,SEA,235,11,1,76.5,3.37,5.07,5.13
1166,Kirk Cousins,QB,LV,236,13,1,39.16,3.39,3.41,3.41
13268,Elijah Sarratt,WR,BAL,237,13,1,73.1,3.46,4.03,4.14
13353,Chris Brazzell,WR,CAR,238,5,1,,,,
12511,Will Howard,QB,PIT,239,9,1,22.5,,,
13311,Chris Bell,WR,MIA,240,6,1,74.7,4.19,4.22,4.2
7571,Rashod Bateman,WR,BAL,241,13,1,70.1,5.51,4.26,4.37
1479,Keenan Allen,WR,,242,,1,76,,,
11637,Keon Coleman,WR,BUF,243,7,1,31.8,2.31,1.81,1.79
4039,Cooper Kupp,WR,SEA,244,11,1,70.4,5.14,4.56,4.61
12457,Jaydon Blue,RB,DAL,245,14,1,41.4,2.47,2.37,2.28
11579,Audric Estime,RB,NO,246,8,1,21.1,1.49,1.41,1.47
12483,Jack Bech,WR,LV,247,13,1,71.7,4.86,4.89,4.9
11834,Devaughn Vele,WR,NO,248,8,1,74.5,4.87,4.8,4.89
11569,Jarquez Hunter,RB,LAR,249,11,1,8.6,0.35,0.37,0.35
4950,Christian Kirk,WR,SF,250,8,1,36.9,2.03,2.16,2.14
13285,Malachi Fields,WR,NYG,251,8,1,67.6,3.92,3.91,3.96
13278,Max Klare,TE,LAR,252,11,1,45.1,3.33,3.37,3.3
13401,Michael Trigg,TE,DAL,253,14,1,26.8,,,
12500,Quinn Ewers,QB,MIA,254,6,1,12.4,,,
4017,Deshaun Watson,QB,CLE,255,11,1,102.06,7.42,6.91,6.87
13417,De'Zhaun Stribling,WR,SF,256,8,1,105.4,5.59,5.92,5.88
13303,Cade Klubnik,QB,NYJ,257,13,1,24,,,
2307,Marcus Mariota,QB,WAS,258,7,1,13.12,,,
12470,Riley Leonard,QB,IND,259,13,1,12.44,,,
2306,Jameis Winston,QB,NYG,260,8,1,12.86,,,
11557,Joe Milton,QB,DAL,261,14,1,12.4,0.04,0.03,0.03
11256,Tyson Bagent,QB,CHI,262,10,1,12.5,,,
13272,Carson Beck,QB,ARI,263,14,1,54.92,0.1,0.09,0.09
WAS,Washington Commanders,DEF,WAS,264,7,1,75,4.94,5.29,5.29
TEN,Tennessee Titans,DEF,TEN,265,9,1,67,7.07,5.27,4.88
TB,Tampa Bay Buccaneers,DEF,TB,266,10,1,81,5.63,7.65,6.12
SF,San Francisco 49ers,DEF,SF,267,8,1,84,6.24,7.3,6.24
SEA,Seattle Seahawks,DEF,SEA,268,11,1,103,8.12,8.38,8.82
PIT,Pittsburgh Steelers,DEF,PIT,269,9,1,88,7.51,6.19,6.59
PHI,Philadelphia Eagles,DEF,PHI,270,10,1,98,8.12,8.28,8.12
NYJ,New York Jets,DEF,NYJ,271,13,1,64,6.42,5.11,4.65
NYG,New York Giants,DEF,NYG,272,8,1,86,5.74,4.76,6.35
NO,New Orleans Saints,DEF,NO,273,8,1,77,4.75,5.47,5.47
NE,New England Patriots,DEF,NE,274,11,1,92,7.01,7.08,7.29
MIN,Minnesota Vikings,DEF,MIN,275,6,1,92,7.36,6.93,7.29
MIA,Miami Dolphins,DEF,MIA,276,6,1,62,6.29,4.53,4.53
LV,Las Vegas Raiders,DEF,LV,277,13,1,65,6.97,4.71,4.71
LAR,Los Angeles Rams,DEF,LAR,278,11,1,106,8.05,8.49,8.94
LAC,Los Angeles Chargers,DEF,LAC,279,7,1,86,7.42,7,5.88
KC,Kansas City Chiefs,DEF,KC,280,5,1,87,7.64,7.22,6.94
JAX,Jacksonville Jaguars,DEF,JAX,281,7,1,91,8.43,7.03,7.18
IND,Indianapolis Colts,DEF,IND,282,13,1,84,5.61,5.98,6.29
HOU,Houston Texans,DEF,HOU,283,8,1,104,7.38,7.99,8.88
GB,Green Bay Packers,DEF,GB,284,11,1,86,6.76,7.36,6.88
DET,Detroit Lions,DEF,DET,285,6,1,92,7.74,6.41,7.12
DEN,Denver Broncos,DEF,DEN,286,10,1,96,7.52,7.07,7.94
DAL,Dallas Cowboys,DEF,DAL,287,14,1,86,6.66,6.35,6.35
CLE,Cleveland Browns,DEF,CLE,288,11,1,74,5.18,5.82,5.82
CIN,Cincinnati Bengals,DEF,CIN,289,6,1,79,6.05,5.59,5.59
CHI,Chicago Bears,DEF,CHI,290,10,1,85,6.61,6.67,6.41
CAR,Carolina Panthers,DEF,CAR,291,5,1,81,5.93,6.66,6.06
BUF,Buffalo Bills,DEF,BUF,292,7,1,84,6.38,6.35,6.35
BAL,Baltimore Ravens,DEF,BAL,293,13,1,95,7.86,7.84,7.47
ATL,Atlanta Falcons,DEF,ATL,294,11,1,83,5.91,6.92,6.29
ARI,Arizona Cardinals,DEF,ARI,295,14,1,66,4.35,5,4.76
9999,Will Levis,QB,TEN,296,9,1,12.7,,,
9998,Hendon Hooker,QB,TEN,297,9,1,,,,
9759,C.J. Johnson,WR,,299,,1,,,,
973,Anthony Sherman,RB,,300,,1,,,,
964,Lance Kendricks,TE,,301,,1,,,,
963,Luke Stocker,TE,,302,,1,,,,
956,Mark Ingram,RB,,303,,1,,,,
954,Cam Newton,QB,,304,,1,,,,
9512,DeWayne McBride,RB,,305,,1,,,,
9510,Lew Nichols,RB,PIT,306,9,1,,,,
9507,Titus Swen,RB,,307,,1,,,,
9505,Deuce Vaughn,RB,,308,,1,,,,
9503,Jacob Copeland,WR,,309,,1,,,,
9501,DeMario Douglas,WR,NE,310,11,1,49.3,2.67,3.4,3.43
9499,Bryce Ford-Wheaton,WR,,311,,1,,,,
9498,Jadon Haselwood,WR,,312,,1,,,,
9497,Jalin Hyatt,WR,NYG,313,8,1,,,,
9496,Sam James,WR,,314,,1,,,,
9495,Rakim Jarrett,WR,,315,,1,,,,
9492,Trey Palmer,WR,NO,316,8,1,,,,
9491,Ty Scott,WR,,317,,1,,,,
9490,Tyler Scott,WR,LAR,318,11,1,,,,
9489,Justin Shorter,WR,LV,319,13,1,,,,
9486,Dontayvion Wicks,WR,PHI,320,10,1,57.4,3.85,3.81,3.81
9483,Zack Kuntz,TE,LV,321,,1,,,,
9482,Michael Mayer,TE,LV,322,13,1,63.8,4.42,4.45,4.47
9481,Luke Musgrave,TE,GB,323,11,1,32.1,2.2,2.22,2.24
9479,Darnell Washington,TE,PIT,324,9,1,71.4,3.85,3.77,3.83
947,Julio Jones,WR,,325,,1,,,,
943,Kyle Rudolph,TE,,326,,1,,,,
928,Randall Cobb,WR,,327,,1,,,,
9231,Jaren Hall,QB,,328,,1,,,,
9230,Tanner McKee,QB,PHI,329,10,1,12.42,,,
9227,Israel Abanikanda,RB,DAL,330,14,1,,,,
9223,Tiyon Evans,RB,,331,,1,,,,
9222,Zach Evans,RB,,332,,1,,,,
9220,Evan Hull,RB,ARI,333,8,1,,,,
902,Dwayne Harris,WR,,334,,1,,,,
8938,Nathan Rourke,QB,,335,,1,,,,
8931,Josh Ali,WR,,337,,1,,,,
8928,Daylen Baldwin,WR,,338,,1,,,,
8924,Thomas Odukoya,TE,,339,,1,,,,
8921,Maurice Alexander,WR,CHI,340,10,1,,,,
8917,KaVontae Turpin,WR,DAL,341,14,1,61,3.79,3.86,3.75
8915,Drew Plitt,QB,,342,,1,,,,
8908,Brandon Lewis,WR,,343,,1,,,,
8905,Travis Koontz,TE,,344,,1,,,,
89,Chad Henne,QB,,345,,1,,,,
8892,Keric Wheatfall,WR,,346,,1,,,,
8891,Ryan McDaniel,WR,,347,,1,,,,
8890,Naz Bohannon,TE,,348,,1,,,,
8888,Kameron Brown,WR,,349,,1,,,,
8885,Tucker Fisk,TE,,350,,1,5.5,,,
8884,JJ Howland,TE,,351,,1,,,,
8881,Willie Johnson,WR,,352,,1,,,,
8878,Jared Scott,TE,,353,,1,,,,
8876,Kevin Kassis,WR,,354,,1,,,,
8864,Ben Beise,TE,,355,,1,,,,
8863,Kaylon Geiger,WR,,356,,1,,,,
8861,Irv Charles,WR,SEA,357,11,1,,,,
886,Taiwan Jones,RB,,358,,1,,,,
8858,Keshunn Abram,WR,,359,,1,,,,
8849,Tanner Conner,TE,NYG,360,8,1,,,,
8840,Cole Fotheringham,TE,,361,,1,,,,
8831,Ethan Fernea,WR,,362,,1,,,,
8828,Michael Young,WR,,363,,1,,,,
8825,Kekoa Crawford,WR,,364,,1,,,,
8824,Samson Nacua,WR,,365,,1,,,,
8820,Troy Hairston,RB,,366,,1,,,,
8817,Nolan Givan,TE,,367,,1,,,,
8813,Anthony Turner,WR,,368,,1,,,,
8809,Aaron Shampklin,RB,,369,,1,,,,
8801,Dennis Houston,WR,TB,370,10,1,,,,
8800,Malik Davis,RB,DAL,371,14,1,30.7,2.31,2.23,2.15
8799,Zaire Mitchell-Paden,TE,NO,372,8,1,,,,
8798,Felix Harper,QB,,373,,1,,,,
8783,Kendric Pryor,WR,CIN,374,6,1,,,,
8778,Justin Rigg,TE,,375,,1,,,,
8770,Malik Williams,WR,,376,,1,,,,
8769,Josh Bist,TE,,377,,1,,,,
8760,Dre Miller,TE,,378,,1,,,,
8757,Rodney Williams,TE,,379,,1,,,,
8756,Brandon Johnson,WR,LV,380,13,1,,,,
8755,Kaden Davis,WR,CHI,381,10,1,,,,
8751,Dylan Parham,TE,,382,,1,,,,
8749,Tyreik McAllister,RB,,383,,1,,,,
8747,Roger Carter,TE,,384,,1,,,,
8745,Lance McCutcheon,WR,TEN,385,9,1,,,,
8741,Jamal Pettigrew,TE,,386,,1,,,,
8732,Raleigh Webb,WR,,387,,1,,,,
8731,Shemar Bridges,WR,,388,,1,,,,
8721,De'Montre Tuggle,RB,,389,,1,,,,
8707,Tayon Fleet-Davis,RB,,390,,1,,,,
8706,Kehinde Oginni,TE,,391,,1,,,,
8705,Landon Lenoir,WR,,392,,1,,,,
8700,Savon Scarver,WR,,393,,1,,,,
8699,Cyrus Holder,WR,,394,,1,,,,
8697,Kevin Shaa,WR,,395,,1,,,,
8694,Henry Litwin,WR,,396,,1,,,,
8690,Jake Herslow,WR,,397,,1,,,,
8685,John Mitchell,TE,,398,,1,,,,
868,Virgil Green,TE,,399,,1,,,,
8665,Armani Rogers,TE,,400,,1,,,,
8663,Jared Bernhardt,WR,,401,,1,,,,
8660,Leroy Watson,TE,,402,,1,,,,
8656,Tyshaun James,WR,,403,,1,,,,
8650,Lujuan Winningham,WR,,404,,1,,,,
8638,Grayson Gunter,TE,,405,,1,,,,
8634,Chris Pierce,TE,,406,,1,,,,
8633,Stephon Robinson,WR,,407,,1,,,,
8632,JaVonta Payton,WR,,408,,1,,,,
8628,Jontre Kirklin,WR,,409,,1,,,,
8624,Changa Hodge,WR,,410,,1,,,,
8621,Garrett Walston,TE,,411,,1,,,,
862,Blaine Gabbert,QB,,412,,1,,,,
8613,Taysir Mack,WR,,413,,1,,,,
8602,Danny Davis,WR,,414,,1,,,,
8595,Kyric McGowan,WR,,415,,1,,,,
8589,Marcus Santos-Silva,TE,,416,,1,,,,
8583,Stone Smartt,TE,PHI,417,10,1,4.2,0.32,0.32,0.32
8581,Trevon Bradford,WR,,418,,1,,,,
8579,Brandon Peters,QB,,419,,1,,,,
8575,Erik Krommenhoek,TE,,420,,1,,,,
8573,Talolo Limi-Jones,WR,,421,,1,,,,
8572,Andrew Parchment,WR,,422,,1,,,,
8571,Ra'Shaun Henry,WR,,423,,1,,,,
8570,Derek Wright,WR,,424,,1,,,,
8568,John Lovett,RB,,425,,1,,,,
8560,Davis Cheek,QB,,426,,1,,,,
8559,Josh Babicz,TE,,427,,1,,,,
8553,Tre Ford,QB,,428,,1,,,,
8549,Trevon Clark,WR,,429,,1,,,,
8543,Drew Estrada,WR,,430,,1,,,,
8539,Seth Green,TE,,431,,1,,,,
8527,Dareke Young,WR,LV,432,13,1,3.6,0.35,0.35,0.35
8523,Nick Muse,TE,DET,433,,1,,,,
8500,John FitzPatrick,TE,,434,,1,,,,
8489,Drew Ogletree,TE,IND,435,13,1,3.9,0.28,0.28,0.28
8484,Ko Kieft,TE,TB,436,10,1,1.8,0.04,0.04,0.04
8475,Montrell Washington,WR,,437,,1,,,,
8442,Jarrett Guarantano,QB,,438,,1,,,,
8441,Justin Hall,WR,,439,,1,,,,
8439,Demetris Robertson,WR,,440,,1,,,,
8438,Corey Sutton,WR,,441,,1,,,,
8437,Thomas Hennigan,WR,,442,,1,,,,
8436,Neil Pau'u,WR,,443,,1,,,,
8435,Kwamie Lassiter,WR,,444,,1,,,,
8433,Cade Brewer,TE,,445,,1,,,,
8431,Chase Garbers,QB,,446,,1,,,,
8429,Levi Lewis,QB,,447,,1,,,,
8428,Zander Horvath,RB,,448,,1,,,,
8424,Kevin Marks,RB,,449,,1,,,,
8423,Brittain Brown,RB,CHI,450,10,1,,,,
8421,Mike Harley,WR,,451,,1,,,,
8420,Jack Sorenson,WR,,452,,1,,,,
8419,Stanley Berryhill,WR,,453,,1,,,,
8418,Jared Smart,WR,,454,,1,,,,
8416,Jalen Virgil,WR,,455,7,1,,,,
8414,Britain Covey,WR,PHI,456,10,1,,0.04,0.04,0.04
8413,Chris Oladokun,QB,KC,457,5,1,,,,
8411,Devon Allen,WR,,458,,1,,,,
8410,Jequez Ezzard,WR,,459,,1,,,,
8409,Tyler Snead,WR,,460,,1,,,,
8407,T.J. Pledger,RB,,461,,1,,,,
830,A.J. Green,WR,,462,,1,,,,
829,Andy Dalton,QB,PHI,463,10,1,11.82,,,
827,Tyrod Taylor,QB,GB,464,11,1,12.9,,,
8255,Raheem Blackshear,RB,,465,,1,,,,
8254,Julius Chestnut,RB,TEN,466,9,1,4.6,0.27,0.28,0.28
8253,Deven Thompkins,WR,LV,467,13,1,,,,
8252,Travell Harris,WR,,468,,1,,,,
8251,Calvin Jackson,WR,,469,,1,,,,
8250,Tay Martin,WR,DET,470,6,1,,,,
8249,Lucas Krull,TE,DEN,471,10,1,6.1,0.31,0.32,0.32
8248,Kalil Pimpleton,WR,,472,,1,,,,
8247,Gerrit Prince,TE,,473,,1,,,,
8246,Bryant Koback,RB,,474,,1,,,,
8245,Derrick Deese,TE,,475,,1,,,,
8243,DeAndre Torrey,RB,,476,,1,,,,
8242,Shermari Jones,RB,,477,,1,,,,
8241,Anthony Brown,QB,,478,,1,,,,
8240,BJ Baylor,RB,,479,,1,,,,
8239,Ricky Person,RB,,480,,1,,,,
8238,Emeka Emezie,WR,,481,,1,,,,
8236,Jerreth Sterns,WR,,482,,1,,,,
8235,Samori Toure,WR,PHI,483,10,1,,,,
8234,Jaivon Heiligh,WR,,484,,1,,,,
8233,Mataeo Durant,RB,,485,,1,,,,
8232,Jaquarii Roberson,WR,,486,,1,,,,
8230,Ty Chandler,RB,NO,487,8,1,9,1.06,1.02,1.05
8229,Isaiah Weston,WR,,488,,1,,,,
8227,Teagan Quitoriano,TE,ARI,489,14,1,,,,
8226,Greg Bell,RB,,490,,1,,,,
8225,Daniel Bellinger,TE,TEN,491,9,1,31.6,2.16,2.08,2.15
8224,Cole Kelley,QB,,492,,1,,,,
8223,Velus Jones,WR,SEA,493,11,1,,,,
8222,Josh Johnson,WR,,494,,1,,,,
8221,Keaontay Ingram,RB,,495,,1,,,,
8220,Sincere McCormick,RB,SF,496,8,1,,,,
8219,Jelani Woods,TE,NYJ,497,13,1,,,,
8218,Max Borghi,RB,,498,,1,,,,
8217,Leddie Brown,RB,,499,,1,,,,
8215,Austin Allen,TE,,500,,1,,,,
8214,Cole Turner,TE,MIA,501,6,1,,,,
8213,Dai'Jean Dixon,WR,,502,,1,,,,
8212,Dustin Crum,QB,,503,,1,,,,
8211,Tyrion Davis-Price,RB,,504,,1,,,,
8209,Makai Polk,WR,,505,,1,,,,
8208,Tyler Badie,RB,DEN,506,10,1,6.4,1.09,1.1,1.09
8207,Tyler Goodson,RB,ATL,507,11,1,3.8,0.44,0.46,0.45
8206,Skylar Thompson,QB,BAL,508,13,1,,,,
8204,Bo Melton,WR,GB,509,11,1,7.8,1.49,1.5,1.52
8203,Jeremiah Hall,TE,,510,,1,,,,
8202,Michael Woods,WR,DEN,511,10,1,,,,
8201,Jack Coan,QB,,512,,1,,,,
8200,Kevin Austin,WR,NO,513,8,1,25.4,0.99,0.97,0.99
8199,D'Eriq King,QB,,514,,1,,,,
8198,Charleston Rambo,WR,,515,,1,,,,
8197,Peyton Hendershot,TE,,516,,1,,,,
8196,Ty Fryfogle,WR,,517,,1,,,,
8195,Ronnie Rivers,RB,LAR,518,11,1,5.6,0.67,0.71,0.67
8194,Jashaun Corbin,RB,,519,,1,,,,
8193,E.J. Perry,QB,,520,,1,,,,
8192,Curtis Hodges,TE,,521,,1,,,,
8191,Slade Bolden,WR,,522,,1,,,,
8190,Abram Smith,RB,,523,,1,,,,
8189,Trestan Ebner,RB,,524,,1,,,,
8188,Tyquan Thornton,WR,KC,525,5,1,52.6,3.92,4.12,4.35
8187,CJ Verdell,RB,,526,,1,,,,
8186,Devon Williams,WR,,527,,1,,,,
8185,Johnny Johnson,WR,,528,,1,,,,
8184,D'Vonte Price,RB,,529,,1,,,,
8182,Chase Allen,TE,,530,,1,,,,
8181,Connor Heyward,TE,LV,531,13,1,12.7,0.73,0.73,0.73
818,Bilal Powell,RB,,532,,1,,,,
8179,Snoop Conner,RB,,533,,1,,,,
8178,Braylon Sanders,WR,,534,,1,,,,
8177,Grant Calcaterra,TE,PHI,535,10,1,20.6,1.47,1.46,1.46
8176,Danny Gray,WR,PHI,536,10,1,,,,
8175,Reggie Roberson,WR,,537,,1,,,,
8174,Kevin Harris,RB,,538,,1,,,,
8173,ZaQuandre White,RB,,539,,1,,,,
8172,Greg Dulcich,TE,MIA,540,6,1,87.4,4.58,4.61,4.59
8171,Kyle Philips,WR,,541,,1,,,,
8170,James Mitchell,TE,CAR,542,5,1,,,,
8169,Tre Turner,WR,,543,,1,,,,
8168,Skyy Moore,WR,GB,544,11,1,2.5,0.2,0.2,0.2
8166,Dontario Drummond,WR,,545,,1,,,,
8164,Matt Corral,QB,,546,,1,,,,
8162,Sam Howell,QB,DAL,547,14,1,,,,
8160,Kenny Pickett,QB,CAR,548,5,1,,,,
8159,Desmond Ridder,QB,,549,,1,,,,
8158,Carson Strong,QB,,550,,1,,,,
8157,Bailey Zappe,QB,NYJ,551,13,1,,,,
8153,Isaiah Spiller,RB,,552,,1,,,,
8152,Kennedy Brooks,RB,,553,,1,,,,
8149,Master Teague,RB,,554,,1,,,,
8147,John Metchie,WR,CAR,555,5,1,38.8,2.76,2.72,2.69
8145,Jeremy Ruckert,TE,NYJ,556,13,1,6.8,0.61,0.58,0.58
8143,Jerome Ford,RB,WAS,557,7,1,33.2,1.88,1.94,1.87
8140,Justyn Ross,WR,,558,,1,,,,
8139,Zamir White,RB,,559,,1,4.1,,,
8135,Treylon Burks,WR,WAS,560,7,1,28.8,1.66,1.72,1.65
8129,Dameon Pierce,RB,PHI,561,10,1,20.3,0.26,0.26,0.27
8127,Charlie Kolar,TE,LAC,562,7,1,30.4,1.83,1.83,1.8
8125,Calvin Austin,WR,NYG,563,8,1,35.4,2.23,2.22,2.25
8123,Hassan Haskins,RB,,564,,1,,,,
8122,Zonovan Knight,RB,ARI,565,14,1,,,,
8120,Jerrion Ealy,RB,,566,,1,,,,
812,Lee Smith,TE,ATL,567,11,1,,,,
8119,Jahan Dotson,WR,ATL,568,11,1,52.4,3.09,3.27,3.25
8118,David Bell,WR,,569,,1,,,,
8117,Jalen Tolbert,WR,MIA,570,6,1,27.7,3.66,3.69,3.67
8116,Pierre Strong,RB,GB,571,11,1,6.5,,,
8115,Jalen Wydermyer,TE,,572,,1,,,,
8114,Erik Ezukanma,WR,PHI,573,10,1,,,,
8108,DeVonte Dedmon,WR,,574,,1,,,,
8107,Nikola Kalinic,TE,CHI,575,10,1,,,,
8105,Brayden Lenius,TE,,576,,1,,,,
8103,Ryan Willis,QB,,577,,1,,,,
8102,DeShon Williams,TE,,578,,1,,,,
8101,Mark Vital,TE,,579,,1,,,,
8095,Graham Adomitis,TE,,580,,1,,,,
8094,Michael Jacobson,TE,,581,,1,,,,
8092,Corey Taylor,RB,,582,,1,,,,
8090,Daniel Crawford,TE,,583,,1,,,,
8089,Sal Cannella,TE,,584,,1,,,,
8088,Kalif Jackson,TE,MIA,585,6,1,,,,
8087,K.J. Costello,QB,,586,,1,,,,
8085,Mekhi Sargent,RB,,587,,1,,,,
8077,Otis Anderson,RB,,588,,1,,,,
8076,Michael Bandy,WR,DEN,589,10,1,,,,
8074,Matt Seybert,TE,,590,,1,,,,
8070,Travis Toivonen,WR,,591,,1,,,,
8068,C.J. Saunders,WR,,592,,1,,,,
8061,Jake Hausmann,TE,,593,,1,,,,
8058,Nate McCrary,RB,,594,,1,,,,
8057,Kenji Bahar,QB,,595,,1,,,,
8052,Donte Sylencieux,WR,,596,,1,,,,
8051,Josh Johnson,RB,,597,,1,,,,
8041,Shane Zylstra,TE,BUF,598,7,1,1.8,,,
8039,Jibri Blount,TE,,599,,1,,,,
8038,Nick Guggemos,TE,,600,,1,,,,
8033,Bernhard Seikovits,TE,,601,,1,,,,
8027,Tre Harbison,RB,,602,,1,,,,
8026,Landon Rice,TE,,603,,1,,,,
8021,Branden Mack,WR,,605,,1,,,,
8019,Devontres Dukes,WR,,606,,1,,,,
8018,Shaun Beyer,TE,,607,,1,,,,
8013,Tim Jones,WR,JAX,608,7,1,,,,
801,Charles Clay,TE,,609,,1,,,,
8008,Josh Imatorbhebhe,WR,,610,,1,,,,
8005,Tarik Black,WR,DET,611,6,1,,,,
8002,Shane Buechele,QB,BUF,612,7,1,,,,
7996,Dillon Stoner,WR,,613,,1,,,,
7993,Trey Ragas,RB,,614,,1,,,,
7992,Matt Bushman,TE,,615,,1,,,,
7990,Garrett Groshek,RB,,616,,1,,,,
7989,DJ Turner,WR,HOU,617,,1,,,,
7988,Riley Lees,WR,,618,,1,,,,
7985,Pro Wells,TE,,619,,1,,,,
7983,Collin Hill,QB,,620,,1,,,,
7978,Tre Walker,WR,,622,,1,,,,
7972,Tony Poljan,TE,,623,,1,,,,
7960,T.J. Simmons,WR,,624,,1,,,,
7956,Cade Johnson,WR,,625,,1,,,,
7954,Connor Wedington,WR,,626,,1,,,,
7951,B.J. Emmons,RB,,627,,1,,,,
7949,Trevon Grimes,WR,,628,,1,,,,
7946,Jack Stoll,TE,CLE,629,11,1,5.5,0.29,0.27,0.26
7944,Michael Strachan,WR,,630,,1,,,,
7943,Zach Davidson,TE,,631,,1,,,,
7941,Nick Ralston,RB,,632,,1,,,,
7938,Hunter Kampmoyer,TE,,633,,1,,,,
7935,Eli Stove,WR,,634,,1,,,,
7926,Carl Tucker,TE,,635,,1,,,,
7918,A.J. Rose,RB,,636,,1,,,,
7915,Landen Akers,WR,,637,,1,,,,
7905,Dylan Soehner,TE,,638,,1,,,,
7904,Stevie Scott,RB,,639,,1,,,,
7903,Briley Moore,TE,,640,,1,,,,
7901,Rico Bussey,WR,,641,,1,,,,
7899,Isaiah McKoy,WR,,642,,1,,,,
7897,Roland Rivers,QB,,643,,1,,,,
7893,Dedrick Mills,RB,,644,,1,,,,
7891,Brock Wright,TE,DET,645,6,1,21.8,2.37,2.32,2.38
7890,Javon McKinley,WR,,646,,1,,,,
7885,Bailey Gaither,WR,,647,,1,,,,
788,Dion Lewis,RB,,648,,1,,,,
7874,Jeremiah Haydel,WR,,649,,1,,,,
7867,Spencer Brown,RB,,651,,1,,,,
7865,Brandon Smith,WR,PIT,652,9,1,,,,
7864,Artayvious Lynn,TE,,653,,1,,,,
7863,JaQuan Hardy,RB,,654,,1,,,,
7862,T.J. Vasher,WR,,655,,1,,,,
7860,Osirus Mitchell,WR,,656,,1,,,,
7859,Nick Eubanks,TE,,657,,1,,,,
7858,Brenden Knox,RB,,658,,1,,,,
7854,Miller Forristall,TE,,659,,1,,,,
7848,Scooter Harrington,TE,,661,,1,,,,
7842,Luke Farrell,TE,SF,662,8,1,7.6,0.5,0.53,0.53
7828,Noah Gray,TE,KC,663,5,1,47.1,4.19,4.4,4.65
7812,Simi Fehoko,WR,ARI,664,14,1,,,,
7809,Avery Williams,RB,,665,,1,,,,
7794,Chris Evans,RB,,667,,1,,,,
7793,Racey McMath,WR,,668,,1,,,,
7789,Jalen Camp,WR,,669,,1,,,,
7771,Jake Funk,RB,,670,,1,,,,
7757,Ben Skowronek,WR,PIT,671,9,1,0.6,,,
7752,Kawaan Baker,WR,,672,,1,,,,
7751,Dax Milne,WR,,673,,1,,,,
7746,Austin Trammell,WR,JAX,674,7,1,,,,
7744,Antonio Nunn,WR,,675,,1,,,,
7741,Caleb Huntley,RB,,676,,1,,,,
7735,Cary Angeline,TE,,677,,1,,,,
7734,Bruno Labelle,TE,,678,,1,,,,
7733,Josh Pederson,TE,,679,,1,,,,
7729,Dez Fitzpatrick,WR,,680,,1,,,,
7720,Kene Nwangwu,RB,NYJ,681,13,1,,0.11,0.11,0.12
7716,John Bates,TE,WAS,682,7,1,25.3,1.65,1.71,1.65
7713,Jaelon Darden,WR,,683,,1,,,,
7703,Jacob Harris,WR,,684,,1,,,,
7694,Tommy Tremble,TE,CAR,685,5,1,25.3,1.71,1.68,1.66
7670,Joshua Palmer,WR,BUF,686,7,1,26.6,,,
7624,Carson Williams,TE,,687,,1,,,,
7623,Darece Roberson,WR,,688,,1,,,,
7622,Sammis Reyes,TE,,689,,1,,,,
7619,Mathew Sexton,WR,,690,,1,,,,
7618,Micah Simon,WR,CAR,691,5,1,,,,
7616,Kai Locksley,WR,,692,,1,,,,
7614,Darius Clark,RB,,693,,1,,,,
7613,Jonathan Adams,WR,,694,,1,,,,
7612,Dee Eskridge,WR,,695,,1,3.9,,,
7610,Trey Lance,QB,LAC,696,7,1,14.62,,,
7609,Demetric Felton,RB,,697,,1,,,,
7608,Khalil Herbert,RB,SF,698,,1,,,,
7607,Michael Carter,RB,TEN,699,9,1,6.6,0.2,0.2,0.21
7606,Kadarius Toney,WR,,700,,1,,,,
7605,Kyle Trask,QB,,701,,1,,,,
7603,Shi Smith,WR,,702,,1,,,,
7602,Kylen Granson,TE,TEN,703,9,1,3,0.14,0.13,0.14
7601,Rondale Moore,WR,,704,,1,,,,
7600,Pat Freiermuth,TE,PIT,705,9,1,102.9,6.19,6.05,6.15
7599,Jermar Jefferson,RB,,706,,1,,,,
7597,Kenny Yeboah,TE,ARI,707,14,1,,,,
7596,Elijah Moore,WR,PHI,708,10,1,,,,
7595,Tylan Wallace,WR,CLE,709,11,1,3.2,0.45,0.42,0.41
7593,Trey Sermon,RB,,710,,1,,,,
7589,Ian Book,QB,,711,,1,,,,
7587,Dyami Brown,WR,WAS,712,7,1,3.9,0.32,0.33,0.32
7586,Dazz Newsome,WR,,713,,1,,,,
7585,Davis Mills,QB,HOU,714,8,1,12.04,,,
7584,Brennan Eagles,WR,,715,,1,,,,
7583,Sam Ehlinger,QB,DEN,716,10,1,,,,
7582,Jhamon Ausbon,WR,,717,,1,,,,
7581,Kellen Mond,QB,,718,,1,,,,
7580,Khalil McClain,WR,,719,,1,,,,
7579,Austin Watkins,WR,,720,,1,,,,
7578,Myron Mitchell,WR,,721,,1,,,,
7576,Sage Surratt,TE,,722,,1,,,,
7574,Larry Rountree,RB,,723,,1,,,,
7573,Damon Hazelton,WR,,724,,1,,,,
7572,Kylin Hill,RB,,725,,1,,,,
7568,Brevin Jordan,TE,HOU,726,8,1,4.1,0.11,0.12,0.12
7565,Terrace Marshall,WR,MIA,727,6,1,,,,
7563,Javian Hawkins,RB,,728,,1,,,,
7562,Tutu Atwell,WR,MIA,729,6,1,28.2,2.35,2.37,2.36
7561,Elijah Mitchell,RB,PHI,730,10,1,8.3,,,
7560,Pooka Williams,RB,,731,,1,,,,
7559,Ihmir Smith-Marsette,WR,ARI,732,14,1,,,,
7558,Whop Philyor,WR,,733,,1,,,,
7556,Marquez Stevenson,WR,,734,,1,,,,
7555,Jamie Newman,QB,,735,,1,,,,
7554,Tre' McKitty,TE,,736,,1,,,,
7552,Blake Proehl,WR,,737,,1,,,,
7551,Deon Jackson,RB,,738,,1,,,,
7550,Warren Jackson,WR,,739,,1,,,,
7549,CJ Marable,RB,,740,,1,,,,
7548,Tyler Vaughns,WR,,741,,1,,,,
7546,Tre Nixon,WR,,742,,1,,,,
7545,Marlon Williams,WR,,743,,1,,,,
7541,Cornell Powell,WR,,744,,1,,,,
7540,Amari Rodgers,WR,,745,,1,,,,
7539,Gerrid Doaks,RB,,746,,1,,,,
7538,Zach Wilson,QB,NO,747,8,1,,,,
7537,Jaret Patterson,RB,LAC,748,7,1,,,,
7536,Quintin Morris,TE,JAX,749,7,1,6,0.39,0.38,0.39
7535,Hunter Long,TE,JAX,750,7,1,,,,
7534,Seth Williams,WR,,751,,1,,,,
7533,Anthony Schwartz,WR,,752,,1,,,,
7532,Rakeem Boyd,RB,,753,,1,,,,
7531,Feleipe Franks,TE,CAR,754,5,1,1.4,0.07,0.07,0.07
7530,Frank Darby,WR,,755,,1,,,,
7529,Gary Brightwell,RB,CIN,756,6,1,,,,
7522,Hunter Thedford,TE,,757,,1,,,,
7521,Chris Blair,WR,ATL,758,11,1,,,,
7503,Connor Davis,TE,,759,,1,,,,
7502,Dominique Dafney,TE,,760,,1,,,,
7499,Paul Quessenberry,TE,,761,,1,,,,
7496,Nick Westbrook-Ikhine,WR,IND,762,13,1,22.2,5.9,5.93,5.95
7483,Farrod Green,TE,,763,,1,,,,
7481,Chase Harrell,TE,,764,,1,,,,
7475,Napoleon Maxwell,RB,,765,,1,,,,
7466,Nathan Cottrell,RB,,766,,1,,,,
7465,Nick Tiano,QB,,767,,1,,,,
7464,Connor Slomka,RB,,768,,1,,,,
7462,Stephen Guidry,WR,,769,,1,,,,
7460,Jake Burt,TE,,770,,1,,,,
7458,Isaiah Zuber,WR,,771,,1,,,,
7457,Michael Dereus,WR,,772,,1,,,,
7455,John Hurst,WR,,773,,1,,,,
7454,Travis Jonsen,WR,,774,,1,,,,
7452,Josh Pearson,WR,,775,,1,,,,
745,Marshawn Lynch,RB,,776,,1,,,,
7439,Tommy Hudson,TE,,777,,1,,,,
7438,Kristian Wilkerson,WR,,778,,1,,,,
7436,Mason Kinsey,WR,TEN,779,9,1,,,,
7435,Cameron Scarlett,RB,,780,,1,,,,
7427,Tyler Mabry,TE,,781,,1,,,,
7426,Seth Dawkins,WR,,782,,1,,,,
7425,Patrick Carr,RB,,783,,1,,,,
7424,Anthony Jones,RB,,784,,1,,,,
7418,Broc Rutter,QB,,786,,1,,,,
7414,Johnathon Johnson,WR,,787,,1,,,,
7412,Sandro Platzgummer,RB,,788,,1,,,,
7407,Isaiah Wright,WR,,789,,1,,,,
7404,Noah Togiai,TE,,790,,1,,,,
7401,Khalil Tate,WR,,791,,1,,,,
7400,Manasseh Bailey,WR,,792,,1,,,,
7397,Parker Houston,TE,,793,,1,,,,
7396,Devin Phelps,WR,,794,,1,,,,
7395,Rashad Medaris,WR,,795,,1,,,,
7394,Jermiah Braswell,WR,,796,,1,,,,
7387,George Campbell,WR,,797,,1,,,,
7379,Rysen John,TE,,798,,1,,,,
7378,Kyle Markway,TE,,799,,1,,,,
7376,Case Cookus,QB,,800,,1,,,,
7370,JoJo Ward,WR,,801,,1,,,,
7368,Sean Riley,WR,,802,,1,,,,
7367,Will Hastings,WR,,803,,1,,,,
7359,Nakia Griffin-Stewart,TE,,804,,1,,,,
7357,Dan Chisena,WR,CAR,806,5,1,,,,
7352,Matt Cole,WR,,807,,1,,,,
7351,Kirk Merritt,WR,,808,,1,,,,
7340,Brandon Polk,WR,,809,,1,,,,
7339,J.J. Koski,WR,,810,,1,,,,
7337,Easop Winston,WR,,811,,1,,,,
7336,James Gilbert,RB,,812,,1,,,,
7335,Bryce Perkins,QB,,813,,1,,,,
7334,Earnest Edwards,WR,,814,,1,,,,
7320,Dalton Schoen,WR,,815,,1,,,,
7319,Jeff Cotton,WR,,816,,1,,,,
7317,Jared Rice,TE,,818,,1,,,,
7316,Darius Bradwell,RB,,819,,1,,,,
7309,Siaosi Mariner,WR,,821,,1,,,,
7308,Nick Bowers,TE,,822,,1,,,,
7299,Justice Shelton-Mosley,WR,,823,,1,,,,
7288,Ben Ellefson,TE,,824,,1,,,,
7287,Josh Hammond,WR,,825,,1,,,,
7286,Marvelle Ross,WR,,826,,1,,,,
7279,DeMichael Harris,WR,,827,,1,,,,
7274,Tyler Simmons,WR,,828,,1,,,,
7272,Dylan Stapleton,TE,,829,,1,,,,
7262,Jalen Morton,QB,IND,831,13,1,,,,
7245,Nate Wieting,TE,,833,,1,,,,
7244,Ja'Marcus Bradley,WR,,834,,1,,,,
7243,Kevin Davidson,QB,,835,,1,,,,
7237,Scotty Washington,WR,,836,,1,,,,
7236,Devwah Whaley,RB,,837,,1,,,,
7235,Aleva Hifo,WR,,838,,1,,,,
7234,Maurice Ffrench,WR,,839,,1,,,,
7233,Andre Baccellia,WR,,840,,1,,,,
7228,Ahmad Wagner,WR,,841,,1,,,,
7227,Artavis Pierce,RB,,842,,1,,,,
7218,Cam Sutton,TE,,843,,1,,,,
7217,Trevontae Hights,WR,,844,,1,,,,
7211,Zimari Manning,WR,,847,,1,,,,
7210,Kendall Hinton,WR,,848,,1,,,,
7204,Reggie Gilliam,RB,NE,849,11,1,,,,
7191,Jaylon Moore,WR,,850,,1,,,,
7190,Bronson Rechsteiner,RB,,851,,1,,,,
7176,Caleb Repp,TE,,852,,1,,,,
7175,Chris Rowland,WR,,853,,1,,,,
7174,Juwan Green,WR,,854,,1,,,,
7173,Jalen McCleskey,WR,,855,,1,,,,
7172,Mikey Daniel,RB,,856,,1,,,,
7162,Ryan Becker,TE,,857,,1,,,,
7161,Shane Leatherbury,WR,,858,,1,,,,
7159,Reid Sinnett,QB,,859,,1,,,,
7158,Riley Neal,QB,,860,,1,,,,
7157,Josh Love,QB,,861,,1,,,,
7156,J'Mar Smith,QB,,862,,1,,,,
7149,Tommy Stevens,TE,NYG,863,8,1,,,,
7143,Ben DiNucci,QB,,864,,1,,,,
7135,Freddie Swain,WR,,865,,1,,,,
7131,Tyler Davis,TE,,866,,1,,,,
7109,Malcolm Perry,WR,,867,,1,,,,
7107,Jason Huntley,RB,,868,,1,,,,
7106,Lawrence Cager,TE,WAS,869,7,1,,,,
7103,Tavien Feaster,RB,ARI,870,14,1,,,,
7101,Rodney Smith,RB,,871,,1,,,,
7100,Derrick Dillon,WR,,872,,1,,,,
7098,Ty'Son Williams,RB,,873,,1,,,,
7093,Adrian Killins,RB,DEN,874,10,1,,,,
7092,Chris Finke,WR,,875,,1,,,,
7091,Aaron Parker,WR,,876,,1,,,,
7088,Xavier Jones,RB,,877,,1,,,,
7087,Jonathan Ward,RB,,878,,1,,,,
7086,John Hightower,WR,,879,,1,,,,
7085,Isaiah Coulter,WR,,880,,1,,,,
7084,Jake Luton,QB,,881,,1,,,,
7083,Tyler Huntley,QB,BAL,882,13,1,12.68,0.04,0.04,0.04
7082,Dalton Keene,TE,,883,,1,,,,
7081,James Morgan,QB,,884,,1,,,,
7080,Omar Bayless,WR,,885,,1,,,,
7079,Pete Guerriero,RB,,886,,1,,,,
7078,Tony Brown,WR,,887,,1,,,,
7076,Jeff Thomas,WR,,888,,1,,,,
7075,Charlie Woerner,TE,ATL,889,11,1,6,0.59,0.62,0.62
7066,K.J. Osborn,WR,TEN,890,9,1,,,,
7065,Eli Wolf,TE,,891,,1,,,,
7064,Darrynton Evans,RB,,892,,1,,,,
7063,Shea Patterson,QB,,893,,1,,,,
7056,Darrell Stewart,WR,,894,,1,,,,
7050,Josiah Deguara,TE,SF,896,,1,,,,
7048,Benny LeMay,RB,CLE,897,11,1,,,,
7045,Joshua Kelley,RB,,898,,1,,,,
7039,Cody White,WR,SEA,899,11,1,6.5,0.25,0.25,0.25
7038,Darius Anderson,RB,,900,,1,,,,
7035,Kendrick Rogers,WR,,901,,1,,,,
7032,Tyrie Cleveland,WR,,902,,1,,,,
7015,Jacob Breeland,TE,,903,,1,,,,
7013,Steven Montez,QB,,904,,1,,,,
7009,Trishton Jackson,WR,,905,,1,,,,
7008,Brian Lewerke,QB,,906,,1,,,,
7005,Scottie Phillips,RB,,907,,1,,,,
7001,Brian Herrien,RB,,908,,1,,,,
6996,JaMycal Hasty,RB,,909,,1,,,,
6993,Dominick Wood-Anderson,TE,,910,,1,,,,
6992,Michael Warren,RB,DET,911,6,1,,,,
6989,Marquez Callaway,WR,,912,,1,,,,
6988,Raymond Calais,RB,,913,,1,,,,
6985,Dezmon Patmon,WR,,914,,1,,,,
6984,Tony Jones,RB,,915,,1,,,,
6982,Cheyenne O'Grady,TE,,916,,1,,,,
6973,J.J. Taylor,RB,,917,,1,,,,
6970,Stephen Sullivan,TE,,918,,1,,,,
6967,Aaron Fuller,WR,,919,,1,,,,
6966,Javon Leake,RB,,920,,1,,,,
6964,Sean McKeon,TE,IND,921,13,1,,,,
6963,Patrick Taylor,RB,SF,922,8,1,,,,
6960,Tyler Johnson,WR,DAL,923,14,1,5,0.15,0.16,0.16
6959,LeVante Bellamy,RB,,924,,1,,,,
6957,James Proche,WR,,925,,1,0.6,,,
6956,Devin Asiasi,TE,,926,,1,,,,
6955,James Robinson,RB,,927,,1,,,,
6954,Cole McDonald,QB,,928,,1,,,,
6951,Eno Benjamin,RB,,929,,1,,,,
695,Ted Ginn,WR,,930,,1,,,,
6945,Antonio Gibson,RB,,931,,1,2.9,,,
6943,Gabe Davis,WR,,932,,1,,,,
6939,Binjimen Victor,WR,,933,,1,,,,
6938,Cam Akers,RB,,934,,1,4.1,,,
6932,Charlie Taumoepeau,TE,,935,,1,,,,
6931,DeeJay Dallas,RB,JAX,936,7,1,,0.18,0.17,0.17
6927,Quez Watkins,WR,PHI,937,10,1,,,,
6926,Brycen Hopkins,TE,,938,,1,,,,
6920,Isaiah Hodgins,WR,NYG,939,8,1,7.2,0.63,0.63,0.64
6919,Thaddeus Moss,TE,,940,,1,,,,
6918,Salvon Ahmed,RB,CHI,941,10,1,,,,
6913,Joe Reed,WR,,942,,1,,,,
6909,Lynn Bowden,WR,,943,,1,,,,
6908,La'Mical Perine,RB,,944,,1,,,,
6906,Antonio Gandy-Golden,TE,,945,,1,,,,
6898,Anthony Gordon,QB,,946,,1,,,,
6895,Quintez Cephus,WR,,947,,1,,,,
6894,Mitchell Wilcox,TE,,948,,1,,,,
6892,Nate Stanley,QB,,949,,1,,,,
6886,Chase Claypool,WR,,950,,1,,,,
6885,Ke'Shawn Vaughn,RB,,951,,1,,,,
6879,Quartney Davis,WR,,952,,1,,,,
6878,Anthony McFarland,RB,,953,,1,,,,
6873,Austin Mack,WR,,954,,1,,,,
6870,Bryan Edwards,WR,,955,,1,,,,
6869,Adam Trautman,TE,DEN,956,10,1,22.3,1.52,1.53,1.53
6866,KJ Hill,WR,LAC,957,7,1,,,,
6857,Collin Johnson,WR,,958,,1,,,,
6853,Van Jefferson,WR,WAS,959,7,1,27.2,1.81,1.87,1.8
6850,Harrison Bryant,TE,,960,,1,3,,,
6849,Denzel Mims,WR,DAL,961,14,1,,,,
6847,Devin Duvernay,WR,ARI,962,14,1,-1.4,0.16,0.16,0.16
6846,Hunter Bryant,TE,,963,,1,,,,
6845,Zack Moss,RB,,964,,1,,,,
6843,Albert Okwuegbunam,TE,LV,965,13,1,,,,
6834,Jared Pinkney,TE,,966,,1,,,,
6832,Kalija Lipscomb,WR,,967,,1,,,,
6828,AJ Dillon,RB,CAR,968,5,1,,,,
6826,Cole Kmet,TE,CHI,969,10,1,62.7,3.33,3.29,3.28
6824,Donovan Peoples-Jones,WR,,970,,1,,,,
6823,Jacob Eason,QB,,971,,1,,,,
6822,Jake Fromm,QB,,972,,1,,,,
6820,Clyde Edwards-Helaire,RB,,973,,1,0.8,,,
6814,Laviska Shenault,WR,,974,,1,,,,
6805,KJ Hamler,WR,,975,,1,,,,
6798,Jalen Reagor,WR,MIA,976,6,1,,,,
6789,Henry Ruggs,WR,,977,,1,,,,
6778,Chris Streveler,QB,,978,,1,,,,
6763,Reggie Begelton,WR,,979,,1,,,,
6762,Darion Clark,TE,,980,,1,,,,
676,LeSean McCoy,RB,,981,,1,,,,
6755,Tavonn Salter,WR,,982,,1,,,,
6753,Derrick Gore,RB,,983,,1,,,,
6744,Greg Ward,WR,,984,,1,,,,
6742,Marquis Young,RB,,985,,1,,,,
6737,Micky Crum,TE,,986,,1,,,,
6730,Jordan Ta'amu,QB,,987,,1,,,,
6728,Jackson Harris,TE,,988,,1,,,,
6727,Joe Walker,WR,,989,,1,,,,
6723,Vincent Testaverde,QB,,990,,1,,,,
6713,Jamarius Way,WR,,991,,1,,,,
6712,Marcus Simms,WR,,992,,1,,,,
6710,Josh Caldwell,RB,,993,,1,,,,
6705,Taj McGowan,RB,,994,,1,,,,
6701,Fred Trevillion,WR,,995,,1,,,,
6700,Marcelias Sutton,RB,,996,,1,,,,
6699,Gunner Olszewski,WR,NYG,997,8,1,,,,
6697,Floyd Allen,WR,,998,,1,,,,
6694,D'Ernest Johnson,RB,,999,,1,,,,
6692,Joe Horn,WR,,1000,,1,,,,
6686,Joe Horn,WR,,1001,,1,,,,
6685,Jalen Greene,WR,,1002,,1,,,,
6665,Jody Fortson,TE,,1003,,1,,,,
6664,A.J. Ouellette,RB,,1004,,1,,,,
6663,Micah Wright,WR,,1005,,1,,,,
6662,Parker Hesse,TE,,1006,,1,,,,
6661,Joseph Parker,WR,,1007,,1,,,,
6659,Craig Reynolds,RB,,1008,,1,3.4,,,
6637,Nico Evans,RB,,1009,,1,,,,
663,Benjamin Watson,TE,,1010,,1,,,,
6629,Brian Burt,WR,,1011,,1,,,,
6628,Ventell Bryant,WR,,1012,,1,,,,
6626,Isaac Zico,WR,,1013,,1,,,,
6618,Isaiah Searight,TE,,1014,,1,,,,
6617,Andre Lindsey,WR,,1015,,1,,,,
6606,Nick Fitzgerald,QB,,1016,,1,,,,
6605,Cortrelle Simpson,WR,,1017,,1,,,,
6598,Trenton Irwin,WR,SF,1018,,1,,,,
6596,Jalan McClendon,QB,,1019,,1,,,,
6595,Devlin Hodges,QB,,1020,,1,,,,
6593,Spencer Schnell,WR,,1021,,1,,,,
6592,Dontae Strickland,RB,,1022,,1,,,,
6591,Charles Jones,TE,,1023,,1,,,,
6590,Michael Colubiale,TE,,1024,,1,,,,
6588,Tom Kennedy,WR,DET,1025,6,1,,0.11,0.1,0.11
6586,Moral Stephens,TE,,1026,,1,,,,
6585,Tony Brooks-James,RB,,1027,,1,,,,
6557,Jeff Smith,WR,,1028,,1,,,,
6554,Shawn Poindexter,WR,,1029,,1,,,,
6553,Austin Walter,RB,,1030,,1,,,,
6552,Malik Henry,WR,,1031,,1,,,,
6549,Damion Willis,WR,,1032,,1,,,,
6548,Marcus Marshall,RB,,1033,,1,,,,
6540,DeAndre Thompkins,WR,GB,1034,11,1,,,,
6539,Devontae Jackson,RB,,1035,,1,,,,
6535,Nate Becker,TE,,1036,,1,,,,
6529,Chris Myarick,TE,,1037,,1,,,,
6524,Jamire Jordan,WR,,1038,,1,,,,
6522,T.J. Linta,QB,,1039,,1,,,,
6519,Darrius Shepherd,WR,,1040,,1,,,,
6506,Trayone Gray,RB,,1041,,1,,,,
6501,C.J. Conrad,TE,,1042,,1,,,,
6493,Justin Johnson,TE,,1043,,1,,,,
6492,Terry Wright,WR,,1044,,1,,,,
6491,Adam Choice,RB,,1045,,1,,,,
6490,Mik'Quan Deane,TE,,1046,,1,,,,
6489,Taryn Christion,QB,,1047,,1,,,,
6487,Charles Scarff,TE,,1048,,1,,,,
6469,Davis Koppenhaver,TE,,1049,,1,,,,
6468,Matthew Eaton,WR,,1050,,1,,,,
6465,Thomas Ives,WR,CHI,1051,10,1,,,,
6462,Ellis Richardson,TE,,1052,,1,,,,
6460,Cole Herdman,TE,,1053,,1,,,,
6459,Sean Modster,WR,,1054,,1,,,,
6453,D.J. Montgomery,WR,,1055,,1,,,,
6451,Stephen Carlson,TE,CHI,1056,10,1,,,,
6450,David Blough,QB,,1057,,1,,,,
6449,Dorian Baker,WR,,1058,,1,,,,
6448,Darrin Hall,RB,,1059,,1,,,,
6446,Jon Hilliman,RB,,1060,,1,,,,
6443,Eric Dungey,QB,,1061,,1,,,,
6439,Hale Hentges,TE,,1062,,1,,,,
6438,Kelvin McKnight,WR,,1063,,1,,,,
6427,Ashton Dulin,WR,IND,1065,13,1,2.5,1.61,0.22,0.22
6421,Jalen Guyton,WR,,1066,,1,,,,
6420,Jon'Vea Johnson,WR,,1067,,1,,,,
642,Golden Tate,WR,,1068,,1,,,,
6402,Steven Sims,WR,,1069,,1,,,,
6401,T.J. Rahming,WR,,1070,,1,,,,
6399,Kano Dillon,TE,,1071,,1,,,,
6396,Austin Fort,TE,,1072,,1,,,,
6395,Trinity Benson,WR,,1073,,1,,,,
6394,Romell Guerrier,WR,,1074,,1,,,,
6392,Johnathan Lloyd,WR,,1075,,1,,,,
6389,Keenen Brown,TE,,1076,,1,,,,
6388,Romello Brooker,TE,,1077,,1,,,,
6387,Nsimba Webster,WR,,1078,,1,,,,
6386,Alex Bachman,WR,,1079,,1,,,,
6385,Matt Colburn,RB,,1080,,1,,,,
6384,Justin Sumpter,WR,,1081,,1,,,,
6381,Alexander Hollins,WR,,1082,,1,,,,
6380,Davion Davis,WR,,1083,,1,,,,
6375,Jerome Washington,TE,,1085,,1,,,,
6374,Drew Belcher,TE,,1086,,1,,,,
6373,A.J. Richardson,WR,,1087,,1,,,,
6372,Xavier Turner,RB,,1088,,1,,,,
6371,Drew Anderson,QB,,1089,,1,,,,
6370,Damion Jeanpiere,WR,,1090,,1,,,,
6365,Carson Meier,TE,,1091,,1,,,,
6364,Papi White,WR,,1092,,1,,,,
6363,Michael Walker,WR,,1093,,1,,,,
6362,Dredrick Snelson,WR,,1094,,1,,,,
6361,Raphael Leonard,WR,,1095,,1,,,,
6359,C.J. Worton,WR,,1096,,1,,,,
6358,Kahlil Lewis,WR,,1097,,1,,,,
6357,Shawn Bane,WR,,1098,,1,,,,
6352,Matt Colburn,RB,,1099,,1,,,,
6343,Manny Wilkins,QB,,1100,,1,,,,
6342,Stephen Louis,WR,,1101,,1,,,,
6334,Damarea Crockett,RB,,1102,,1,,,,
6323,Andrew Beck,RB,NYJ,1103,13,1,,,,
6322,Xavier Ubosi,WR,,1104,,1,,,,
6320,Jonathan Duhart,WR,,1105,,1,,,,
6318,Jordan Ellis,RB,,1106,,1,,,,
6317,Jacob Dolegala,QB,,1107,,1,,,,
6311,Patrick Laird,RB,,1108,,1,,,,
6308,Ian Bunting,TE,,1109,,1,,,,
6293,Cullen Gillaspia,RB,,1111,,1,,,,
6290,Scotty Miller,WR,CHI,1112,10,1,,,,
6288,Marcus Green,WR,,1113,,1,,,,
6279,Brandon Dillon,TE,,1114,,1,,,,
6271,Olamide Zaccheaus,WR,ATL,1115,11,1,60.8,4.2,4.44,4.42
627,Andre Roberts,WR,,1116,,1,,,,
6269,Kyle Shurmur,QB,,1117,,1,,,,
6263,Trevor Wood,TE,,1118,,1,,,,
6261,Reggie White,WR,,1119,,1,,,,
6260,Jake Powell,TE,,1120,,1,,,,
6259,Darnell Holland,RB,,1121,,1,,,,
6248,Trevion Thompson,WR,,1122,,1,,,,
6247,Jason Moore,WR,,1123,,1,,,,
6246,Jeremy Cox,RB,,1124,,1,,,,
6239,Malik Taylor,WR,,1125,,1,,,,
6238,Tyree Mayfield,TE,,1126,,1,,,,
6237,Wilton Speight,QB,,1127,,1,,,,
6236,Travon McMillian,RB,,1128,,1,,,,
6234,Deonte Harty,WR,,1129,,1,,,,
6233,Matt Sokol,TE,,1130,,1,,,,
6231,John Lovett,QB,,1131,,1,,,,
6227,Nick Easley,WR,,1132,,1,,,,
6223,Juwann Winfree,WR,,1133,,1,,,,
6209,Ishmael Hyman,WR,,1134,,1,,,,
6205,Brandon Silvers,QB,,1135,,1,,,,
6203,Valentine Holmes,RB,,1136,,1,,,,
6196,Christian Wade,RB,,1138,,1,,,,
6195,Damon Sheehy-Guiseppi,WR,,1139,,1,,,,
6187,Aca'Cedric Ware,RB,,1141,,1,,,,
6185,Easton Stick,QB,IND,1142,13,1,,,,
6181,Trevon Wesco,TE,,1143,,1,,,,
6178,Darwin Thompson,RB,,1144,,1,,,,
6175,Kerrith Whyte,RB,GB,1145,11,1,,,,
6171,Cody Thompson,WR,,1146,,1,,,,
6168,John Ursua,WR,,1147,,1,,,,
6167,Jordan Scarlett,RB,MIA,1148,6,1,,,,
6165,Antoine Wesley,WR,,1149,,1,,,,
6164,Kahale Warring,TE,,1150,,1,,,,
6163,Alex Wesley,WR,,1151,,1,,,,
6161,L.J. Scott,RB,,1152,,1,,,,
616,Jimmy Graham,TE,,1153,,1,,,,
6159,Mike Weber,RB,,1154,,1,,,,
6156,Benny Snell,RB,,1155,,1,,,,
6155,Jaylen Smith,WR,,1156,,1,,,,
6154,David Sills,WR,TB,1157,10,1,22.4,1.17,1.15,1.14
6153,Dexter Williams,RB,,1158,,1,,,,
6151,Miles Sanders,RB,,1159,,1,,,,
6149,Darius Slayton,WR,NYG,1160,8,1,72.6,5.83,4.54,4.59
6148,Preston Williams,WR,,1161,,1,,,,
6147,Clayton Thorson,QB,NYG,1162,8,1,,,,
6146,Kaden Smith,TE,,1163,,1,,,,
6144,Trayveon Williams,RB,,1164,,1,,,,
6142,Caleb Wilson,TE,,1165,,1,,,,
6139,Jace Sternberger,TE,,1166,,1,,,,
6137,Tommy Sweeney,TE,,1167,,1,,,,
6136,Jarrett Stidham,QB,DEN,1168,10,1,12.22,,,
6130,Devin Singletary,RB,NYG,1169,8,1,9.8,1.23,1.18,1.18
6126,Irv Smith,TE,,1170,,1,,,,
6115,Wes Hills,RB,,1171,,1,,,,
6111,Jake Browning,QB,TB,1172,10,1,,,,
6108,Jacques Patrick,RB,,1174,,1,,,,
6107,Emmanuel Butler,WR,,1175,,1,,,,
6097,Jamal Custis,WR,,1176,,1,,,,
6089,Daniel Helm,TE,,1177,,1,,,,
6088,Bisi Johnson,WR,,1178,,1,,,,
6081,Kendall Blanton,TE,,1179,,1,,,,
6075,Jesper Horsted,TE,,1180,,1,,,,
6074,Donald Parham,TE,,1181,,1,,,,
6072,Bruce Anderson,RB,,1182,,1,,,,
6069,Stanley Morgan,WR,,1183,,1,,,,
6068,Devine Ozigbo,RB,,1184,,1,,,,
6063,Tyron Billy-Johnson,WR,,1185,,1,,,,
606,Joe Webb,QB,,1186,,1,,,,
6059,Travis Fulgham,WR,,1187,,1,,,,
6049,Tyre Brady,WR,,1188,,1,,,,
6047,Dillon Mitchell,WR,,1189,,1,,,,
6045,Gary Jennings,WR,,1190,,1,,,,
6040,Tyree Jackson,TE,,1191,,1,,,,
6039,Ty Johnson,RB,BUF,1192,7,1,47.3,3.36,3.45,3.42
6037,Brett Rypien,QB,,1193,,1,,,,
6036,Ryan Davis,WR,,1194,,1,,,,
6032,Keelan Doss,WR,,1195,,1,,,,
6031,Alex Barnes,RB,,1196,,1,,,,
6021,Nick Brossette,RB,,1197,,1,,,,
6019,Johnnie Dixon,WR,,1198,,1,,,,
6018,Zach Gentry,TE,,1199,,1,,,,
6017,DaMarkus Lodge,WR,,1200,,1,,,,
6016,Dax Raymond,TE,PIT,1201,9,1,,,,
6012,Travis Homer,RB,PIT,1202,9,1,,,,
6011,Gardner Minshew,QB,ARI,1203,14,1,27.96,,,
6007,Ryquell Armstead,RB,,1204,,1,,,,
6002,Qadree Ollison,RB,,1205,,1,,,,
6001,Drew Sample,TE,CIN,1206,6,1,25.1,1.39,1.36,1.36
5997,Jazz Ferguson,WR,,1207,,1,,,,
5995,Justice Hill,RB,BAL,1208,13,1,55.7,3.25,3.12,3.19
5987,Alexander Mattison,RB,,1209,,1,,,,
5985,Foster Moreau,TE,HOU,1210,8,1,7.3,0.54,0.56,0.56
5984,Anthony Ratliff-Williams,WR,,1211,,1,,,,
5980,Myles Gaskin,RB,,1212,,1,,,,
5977,Terry Godwin,WR,,1213,,1,,,,
5976,Karan Higdon,RB,,1214,,1,,,,
5975,Alize Mack,TE,,1215,,1,,,,
5974,Trace McSorley,QB,,1216,,1,,,,
5973,Josh Oliver,TE,MIN,1217,6,1,24.9,1.75,1.77,1.77
5970,Greg Dortch,WR,DET,1218,6,1,20.7,1.27,1.25,1.27
5965,Miles Boykin,WR,,1219,,1,,,,
5962,KeeSean Johnson,WR,,1220,,1,,,,
5961,Jalin Moore,RB,,1221,,1,,,,
5957,Isaac Nauta,TE,GB,1222,11,1,,,,
5955,Hunter Renfrow,WR,,1223,,1,,,,
5950,Nyqwan Murray,WR,,1224,,1,,,,
5941,Felton Davis,WR,,1225,,1,,,,
5938,Lil'Jordan Humphrey,WR,DEN,1226,10,1,20,0.66,0.67,0.67
5937,Diontae Johnson,WR,,1227,,1,,,,
5929,Anthony Johnson,WR,,1228,,1,,,,
5924,Emanuel Hall,WR,,1229,,1,,,,
5919,Elijah Holyfield,RB,,1230,,1,,,,
5918,Rodney Anderson,RB,,1231,,1,,,,
5917,Mecole Hardman,WR,BUF,1232,7,1,,,,
5916,Darrell Henderson,RB,,1233,,1,,,,
5915,Andy Isabella,WR,,1234,,1,,,,
5911,Jalen Hurd,WR,,1235,,1,,,,
5906,Dawson Knox,TE,BUF,1236,7,1,62.4,3.74,3.64,3.61
5903,Will Grier,QB,,1237,,1,,,,
5902,Penny Hart,WR,,1238,,1,,,,
5890,Damien Harris,RB,,1239,,1,,,,
5889,Bryce Love,RB,,1240,,1,,,,
5886,Hakeem Butler,TE,DEN,1241,10,1,,,,
5885,Ryan Finley,QB,,1242,,1,,,,
5884,Kelvin Harmon,WR,,1243,,1,,,,
5880,Parris Campbell,WR,,1244,,1,,,,
5878,N'Keal Harry,TE,,1245,,1,,,,
5873,Riley Ridley,WR,,1246,,1,,,,
587,Logan Paulsen,TE,,1247,,1,,,,
5863,J.J. Arcega-Whiteside,WR,,1248,,1,,,,
5857,Noah Fant,TE,NO,1249,8,1,29.1,2.64,2.61,2.65
5854,Drew Lock,QB,SEA,1250,11,1,,,,
5848,Marquise Brown,WR,PHI,1251,10,1,55,3.18,3.16,3.16
5831,Bryant Mitchell,WR,,1252,,1,,,,
5828,Diontae Spencer,WR,,1253,,1,,,,
5809,Ja'Quan Gardner,RB,,1254,,1,,,,
5808,Connor Jessop,QB,,1255,,1,,,,
5806,John Wolford,QB,,1256,,1,,,,
5804,Julian Williams,WR,,1257,,1,,,,
5801,Kobe McCrary,RB,,1258,,1,,,,
5800,Justin Stockton,RB,,1259,,1,,,,
5799,Darius Prince,WR,,1260,,1,,,,
5798,Darren Carrington,WR,,1261,,1,,,,
5796,Austin Wolf,WR,,1262,,1,,,,
5791,Gerald Holmes,RB,,1263,,1,,,,
5787,Bryce Bobo,WR,,1264,,1,,,,
5786,Marcus Peterson,WR,,1265,,1,,,,
5785,James Butler,RB,,1266,,1,,,,
5781,Malik Turner,WR,SF,1267,8,1,,,,
5777,Malachi Jones,WR,,1268,,1,,,,
5776,Mark Chapman,WR,,1269,,1,,,,
5775,Jared Murphy,WR,,1270,,1,,,,
5774,Cam Serigne,TE,,1271,,1,,,,
5773,KhaDarel Hodge,WR,,1272,,1,,,,
5772,Aaron Lacombe,WR,,1273,,1,,,,
5762,Josh Smith,WR,,1274,,1,,,,
5760,Josh Crockett,WR,,1275,,1,,,,
5756,Garrett Dickerson,TE,,1276,,1,,,,
5754,Jaeden Graham,TE,,1277,,1,,,,
5752,Sherman Badie,RB,,1278,,1,,,,
5751,Austin Roberts,TE,,1279,,1,,,,
5750,Garrett Hudson,TE,,1280,,1,,,,
5747,Kayaune Ross,WR,,1281,,1,,,,
5745,Nick Stevens,QB,,1282,,1,,,,
5744,Eldridge Massington,WR,NO,1283,8,1,,,,
574,Dez Bryant,WR,,1284,,1,,,,
5734,C.J. Duncan,WR,,1285,,1,,,,
5733,Clayton Wilson,TE,,1286,,1,,,,
5722,Darvin Kidsy,WR,,1287,,1,,,,
5718,Ryan Yurachek,TE,,1288,,1,,,,
5714,Tim Wilson,WR,,1289,,1,,,,
5710,Nick Holley,WR,,1290,,1,,,,
5709,Luis Perez,QB,,1291,,1,,,,
5705,John Franklin,WR,,1292,,1,,,,
5703,Deontez Alexander,WR,,1293,,1,,,,
5700,Robert Martin,RB,,1294,,1,,,,
5699,Matt Fleming,WR,,1295,,1,,,,
5697,Zach Olstad,RB,,1296,,1,,,,
5695,Brandon Powell,WR,,1297,,1,,,,
5663,Shane Wimann,RB,,1298,,1,,,,
5661,Chris Lacy,WR,,1299,,1,,,,
5638,Shaq Roland,WR,CHI,1300,10,1,,,,
5637,Garrett Johnson,WR,,1301,,1,,,,
5619,Dalyn Dawkins,RB,,1302,,1,,,,
5618,Larry Rose,RB,,1303,,1,,,,
5612,Anthony Mahoungou,WR,,1304,,1,,,,
5609,Stephen Baggett,TE,,1305,,1,,,,
5608,Devonte Boyd,WR,,1306,,1,,,,
5597,Brogan Roback,QB,,1307,,1,,,,
5590,Jordan Smallwood,WR,,1308,,1,,,,
559,Tim Tebow,TE,,1309,,1,,,,
5587,Chris Warren,RB,,1310,,1,,,,
5570,Chad Beebe,WR,,1312,,1,,,,
5558,Marcus Martin,RB,,1317,,1,,,,
5550,John David Moore,RB,,1318,,1,,,,
5549,Darrel Williams,RB,,1319,,1,,,,
5548,Elijah Marks,WR,,1320,,1,,,,
5547,Ryan Smith,TE,,1321,,1,,,,
5539,Derrick Willies,WR,,1322,,1,,,,
5536,Dontrell Hilliard,RB,,1323,,1,,,,
5530,Evan Berry,WR,,1324,,1,,,,
5468,Christian Scotland-Williamson,TE,,1325,,1,,,,
5465,Nick Keizer,TE,,1326,,1,,,,
5464,De'Lance Turner,RB,,1327,,1,,,,
5463,Mark Thompson,RB,,1328,,1,,,,
5462,Christopher Ezeala,RB,,1329,,1,,,,
5432,Cam Sims,WR,,1330,,1,,,,
5431,Shay Fields,WR,,1331,,1,,,,
5428,Ricky Jeune,WR,,1332,,1,,,,
5427,LaQuvionte Gonzalez,WR,,1333,,1,,,,
5425,John Diarse,WR,,1334,,1,,,,
5409,Tanner Hudson,TE,CIN,1335,6,1,4.3,0.44,0.43,0.43
5408,Sergio Bailey,WR,,1336,,1,,,,
5407,Ervin Philips,RB,,1337,,1,,,,
5403,Peter Pujals,QB,,1338,,1,,,,
5401,Armanti Foreman,WR,,1339,,1,,,,
5398,Justin Crawford,RB,,1340,,1,,,,
5395,Shaun Wilson,RB,,1341,,1,,,,
5392,Jack Heneghan,QB,,1342,,1,,,,
5385,Alec Bloom,TE,,1343,,1,,,,
5384,Jonah Trinnaman,WR,,1344,,1,,,,
538,Emmanuel Sanders,WR,,1345,,1,,,,
5374,Justin Watson,WR,HOU,1346,8,1,,,,
536,Antonio Brown,WR,,1347,,1,,,,
5359,Dorren Miller,WR,,1348,,1,,,,
5358,Anthony Manzo-Lewis,TE,,1349,,1,,,,
5347,Nyheim Miller-Hines,RB,,1351,,1,,,,
533,Colt McCoy,QB,,1352,,1,,,,
5323,Equanimeous St. Brown,WR,,1353,,1,,,,
5322,James Looney,TE,,1354,,1,,,,
5310,Antonio Callaway,WR,,1355,,1,,,,
5295,De'Mornay Pierson-El,WR,,1357,,1,,,,
5294,Mikah Holder,WR,,1358,,1,,,,
5293,Jordan Veasy,WR,,1359,,1,,,,
5292,Devin Ross,WR,,1360,,1,,,,
5290,Deontay Burnett,WR,,1361,,1,,,,
5289,Cameron Batson,WR,,1362,,1,,,,
5286,Austin Allen,QB,,1363,,1,,,,
5285,Ross Dwelley,TE,,1364,,1,,,,
5284,Jeff Wilson,RB,,1365,,1,,,,
5283,Ka'Raun White,WR,,1366,,1,,,,
5278,Jarvion Franklin,RB,,1367,,1,,,,
5277,Deon Yelder,TE,,1368,,1,,,,
5276,Tyler Hoppes,TE,,1369,,1,,,,
5275,Jeff Badet,WR,,1370,,1,,,,
5273,Kamryn Pettway,RB,,1371,,1,,,,
5271,Buddy Howell,RB,,1372,,1,,,,
5269,Codey McElroy,TE,,1373,,1,,,,
5268,Ben Johnson,TE,,1374,,1,,,,
5265,Nic Shimonek,QB,,1375,,1,,,,
5264,Blake Mack,TE,,1376,,1,,,,
5263,Chase Litton,QB,,1377,,1,,,,
5261,Jester Weah,WR,,1378,,1,,,,
5260,Vyncint Smith,WR,,1379,,1,,,,
5257,Tim Boyle,QB,,1380,,1,,,,
5255,Teo Redding,WR,,1381,,1,,,,
5254,Jimmy Williams,WR,,1382,,1,,,,
5253,Jordan Franks,TE,,1383,,1,,,,
5252,Ray Lawry,RB,,1384,,1,,,,
5250,Robert Foster,WR,,1385,,1,,,,
5249,Andre Levrone,WR,,1386,,1,,,,
5248,Gus Edwards,RB,,1387,,1,,,,
5246,Jake Roh,TE,,1388,,1,,,,
5245,Troy Mangen,TE,,1389,,1,,,,
5244,Devin Gray,WR,,1390,,1,,,,
5243,Detrich Clark,WR,,1391,,1,,,,
5242,Dontez Byrd,WR,,1392,,1,,,,
5241,Christian Blake,WR,,1393,,1,,,,
5239,Lamar Jordan,QB,,1395,,1,,,,
5236,Kyle Lewis,WR,,1397,,1,,,,
5235,David Wells,TE,,1398,,1,,,,
5233,Marcus Baugh,TE,,1399,,1,,,,
5231,Cole Hunt,TE,,1400,,1,,,,
5228,J.T. Barrett,QB,,1401,,1,,,,
5224,Taj Williams,WR,,1402,,1,,,,
5223,Caleb Scott,WR,TEN,1403,9,1,,,,
5220,Godwin Igwebuike,RB,,1404,,1,,,,
5217,Jason Reese,TE,,1405,,1,,,,
5211,Jake Wieneke,WR,,1406,,1,,,,
5210,Korey Robertson,WR,,1407,,1,,,,
5209,Mike Boone,RB,,1408,,1,,,,
5207,Marchie Murdock,WR,,1409,,1,,,,
5201,Terry Swanson,RB,,1410,,1,,,,
5199,Byron Pringle,WR,,1411,,1,,,,
5197,Rico Gafford,WR,,1412,,1,,,,
5196,Ethan Wolf,TE,,1413,,1,,,,
5195,Akrum Wadley,RB,,1414,,1,,,,
5185,Allen Lazard,WR,,1415,,1,4.9,,,
5176,Davon Grayson,WR,,1416,,1,,,,
5171,Kevin Rader,TE,,1417,,1,,,,
5170,Phillip Lindsay,RB,,1418,,1,,,,
5169,Malik Earl,WR,,1419,,1,,,,
5168,Jordan Chunn,RB,,1420,,1,,,,
5167,Dalton Sturm,QB,,1421,,1,,,,
5166,Da'Mari Scott,WR,,1422,,1,,,,
5163,Ryan Nall,RB,,1423,,1,,,,
5162,Reggie Bonnafon,RB,,1424,,1,,,,
5156,Andrew Vollert,TE,,1425,,1,,,,
5155,Corey Willis,WR,,1426,,1,,,,
5154,Trent Sherfield,WR,BUF,1427,7,1,2.9,0.21,0.2,0.2
515,Rob Gronkowski,TE,,1428,,1,,,,
5144,Malik Williams,RB,,1430,,1,,,,
5143,Demario Richard,RB,,1431,,1,,,,
5142,Kurt Benkert,QB,,1432,,1,,,,
5140,Jaelon Acklin,WR,,1433,,1,,,,
5139,Trey Quinn,WR,,1434,,1,,,,
5138,Martez Carter,RB,,1435,,1,,,,
5137,Richie James,WR,,1436,,1,,,,
5136,Josh Adams,RB,,1437,,1,,,,
5134,Keith Kirkwood,WR,,1438,,1,,,,
5133,Tyler Conklin,TE,DET,1439,6,1,1.2,0.22,0.21,0.22
5132,Steven Mitchell,WR,,1440,,1,,,,
5131,Justin Jackson,RB,,1441,,1,,,,
5130,Auden Tate,WR,,1442,,1,,,,
5129,Adonis Jennings,WR,,1443,,1,,,,
5128,Logan Woodside,QB,,1444,,1,,,,
5127,Kyle Allen,QB,BUF,1445,7,1,12,,,
5126,Austin Proehl,WR,,1446,,1,,,,
5125,Damoun Patterson,WR,,1447,,1,,,,
5124,Alex McGough,QB,,1448,,1,,,,
5123,Trenton Cannon,RB,,1449,,1,,,,
5122,Boston Scott,RB,,1450,,1,,,,
5121,Braxton Berrios,WR,NYG,1451,8,1,,,,
5120,Danny Etling,QB,,1452,,1,,,,
5117,Jordan Thomas,TE,,1453,,1,,,,
5113,Cedrick Wilson,WR,DET,1455,6,1,,,,
5112,Bo Scarbrough,RB,,1456,,1,,,,
5111,Javon Wims,WR,,1457,,1,,,,
5110,Russell Gage,WR,,1458,,1,,,,
5108,Luke Falk,QB,,1459,,1,,,,
5107,Jaylen Samuels,RB,,1460,,1,,,,
5103,Dylan Cantrell,TE,,1461,,1,,,,
5102,Daurice Fountain,WR,,1462,,1,,,,
5101,Deon Cain,WR,,1463,,1,,,,
5100,Jordan Wilkins,RB,,1464,,1,,,,
5096,Ray-Ray McCloud,WR,,1465,,1,,,,
5094,Ryan Izzo,TE,,1466,,1,,,,
5092,Troy Fumagalli,TE,,1467,,1,,,,
5089,Mike White,QB,,1468,,1,,,,
5086,Marquez Valdes-Scantling,WR,DAL,1469,14,1,22.9,0.89,0.92,0.89
5080,Damion Ratley,WR,,1470,,1,,,,
5076,John Kelly,RB,,1471,,1,,,,
5068,Kerryon Johnson,RB,,1472,,1,,,,
5052,Ronald Jones,RB,,1473,,1,,,,
5046,Royce Freeman,RB,,1474,,1,,,,
5038,Michael Gallup,WR,,1475,,1,,,,
5032,Jordan Akins,TE,,1476,,1,,,,
5026,Tre'Quan Smith,WR,,1477,,1,,,,
5024,James Washington,WR,,1478,,1,,,,
5013,Anthony Miller,WR,,1479,,1,,,,
5010,Will Dissly,TE,,1480,,1,21.5,,,
5009,Chris Herndon,TE,,1481,,1,,,,
5008,Durham Smythe,TE,BAL,1482,13,1,7.4,0.59,0.55,0.57
5007,Keke Coutee,WR,,1483,,1,,,,
5005,Jaleel Scott,WR,,1484,,1,,,,
5004,Ito Smith,RB,DAL,1485,14,1,,,,
5000,Chase Edmonds,RB,,1486,,1,,,,
4998,DaeSean Hamilton,WR,,1487,,1,,,,
4997,Mark Walton,RB,,1488,,1,,,,
4996,Kyle Lauletta,QB,,1489,,1,,,,
4995,Ian Thomas,TE,LV,1490,13,1,3,0.22,0.22,0.22
4994,Kalen Ballage,RB,,1491,,1,,,,
4993,Mike Gesicki,TE,CIN,1492,6,1,83.9,5.06,4.95,4.97
4992,Dante Pettis,WR,BUF,1493,,1,5.8,,,
4988,Nick Chubb,RB,,1494,,1,25.4,,,
4985,Rashaad Penny,RB,,1495,,1,,,,
4973,Hayden Hurst,TE,,1496,,1,,,,
4972,Mason Rudolph,QB,PIT,1497,9,1,11.68,,,
4962,Sony Michel,RB,,1498,,1,,,,
4955,Ronald Jones,RB,,1499,,1,,,,
4951,DJ Chark,WR,,1500,,1,,,,
4949,Derrius Guice,RB,,1501,,1,,,,
4942,Marcell Ateman,WR,,1502,,1,,,,
4940,DeSean Smith,TE,,1503,,1,,,,
4938,Speedy Noil,WR,,1504,,1,,,,
4937,Al Riles,WR,IND,1505,13,1,,,,
4936,Skyler Howard,QB,SEA,1506,11,1,,,,
4934,Jalen Williams,WR,,1507,,1,,,,
4931,Austin Appleby,QB,,1508,,1,,,,
4930,Franko House,TE,CHI,1509,10,1,,,,
4929,Ahmad Fulwood,WR,,1510,,1,,,,
4926,Nick Schuessler,QB,PIT,1511,9,1,,,,
4924,Zach Terrell,QB,BAL,1512,13,1,,,,
4923,Rushel Shell,RB,,1513,,1,,,,
4922,Garrett Scantling,WR,ATL,1514,11,1,,,,
4917,Daryl Virgies,RB,,1515,,1,,,,
4910,Quincy McDuffie,WR,,1516,,1,,,,
491,Danny Amendola,WR,,1517,,1,,,,
490,Chase Daniel,QB,,1518,,1,,,,
4895,Lamar Atkins,WR,,1519,,1,,,,
4878,Brandon Zylstra,WR,,1520,,1,,,,
4874,Chris Bazile,TE,,1521,,1,,,,
4864,Jevoni Robinson,TE,,1522,,1,,,,
4863,Josh Rosen,QB,,1523,,1,,,,
4861,Kent Taylor,TE,,1524,,1,,,,
4854,River Cracraft,WR,WAS,1525,,1,,,,
4853,Jerod Evans,QB,,1526,,1,,,,
4839,Mitch Leidner,QB,,1527,,1,,,,
4835,Darrius Sims,RB,,1528,,1,,,,
4832,Andrew Price,TE,,1529,,1,,,,
4831,Justice Liggins,WR,,1530,,1,,,,
4829,Daniel Williams,WR,,1531,,1,,,,
4828,Rashard Davis,WR,,1532,,1,,,,
4827,Germone Hopper,WR,,1533,,1,,,,
4823,Keevan Lucas,WR,,1534,,1,,,,
4821,Jamari Staples,WR,,1535,,1,,,,
4815,Brian Riley,WR,,1536,,1,,,,
4814,De'Quan Hampton,WR,,1537,,1,,,,
4813,Marvin Bracy,WR,,1538,,1,,,,
4807,Mike Estes,TE,,1539,,1,,,,
4806,Brandon Radcliff,RB,,1540,,1,,,,
4805,Pig Howard,WR,,1541,,1,,,,
4803,Nate Iese,TE,,1542,,1,,,,
4798,C.J. Germany,WR,,1543,,1,,,,
4797,Josh Rounds,RB,,1544,,1,,,,
4794,Tommy Armstrong Jr.,QB,,1545,,1,,,,
4791,Darius Victor,RB,,1546,,1,,,,
4790,Robert Wheelwright,WR,,1547,,1,,,,
4787,Jordan Westerkamp,WR,,1548,,1,,,,
4786,Jhajuan Seales,WR,,1549,,1,,,,
4785,Kermit Whitfield,WR,,1550,,1,,,,
4779,Bra'Lon Cherry,WR,,1551,,1,,,,
4777,De'Chavon Hayes,RB,,1552,,1,,,,
4775,David Olson,QB,,1553,,1,,,,
4774,De'Mard Llorens,RB,,1554,,1,,,,
4768,Adam Zaruba,TE,,1555,,1,,,,
4752,Fred Brown,WR,,1556,,1,,,,
4750,Lance Lenoir,WR,,1557,,1,,,,
4749,Cameron Posey,WR,,1558,,1,,,,
4747,Stevie Donatell,TE,,1559,,1,,,,
4744,Barrett Burns,TE,BAL,1560,13,1,,,,
4741,Dan Arnold,TE,,1561,,1,,,,
4738,Colby Pearson,WR,,1562,,1,,,,
4733,Alex Gray,TE,,1563,,1,,,,
4730,Sam Cotton,TE,,1565,,1,,,,
4728,Bart Houston,QB,,1566,,1,,,,
4727,Mitchell Paige,WR,,1567,,1,,,,
4725,Phazahn Odom,TE,,1568,,1,,,,
4721,Shakeir Ryan,WR,,1569,,1,,,,
4718,Dare Ogunbowale,RB,,1570,,1,5.5,,,
4710,Gio Pascascio,WR,,1571,,1,,,,
4708,KeVonn Mabon,WR,,1572,,1,,,,
4704,Tyler Ferguson,QB,,1573,,1,,,,
4699,Kevin Snead,WR,,1574,,1,,,,
4697,Khalid Abdullah,RB,,1575,,1,,,,
4696,Trey Edmunds,RB,,1576,,1,,,,
4683,Aaron Bailey,QB,BAL,1577,13,1,,,,
4680,Larry Clark,WR,,1578,,1,,,,
4678,Tyrone Swoopes,TE,,1579,,1,,,,
4676,Darreus Rogers,WR,,1580,,1,,,,
4670,Artavis Scott,WR,,1582,,1,,,,
4669,Andre Patton,WR,,1583,,1,,,,
4665,Eli Jenkins,QB,,1584,,1,,,,
4663,Austin Ekeler,RB,,1585,,1,28.6,,,
4660,Sean Culkin,TE,,1586,,1,,,,
4651,Corey Clement,RB,,1587,,1,,,,
4650,Billy Brown,TE,,1588,,1,,,,
4647,Colin Thompson,TE,,1589,,1,,,,
4641,Keeon Johnson,WR,,1590,,1,,,,
4636,Lenard Tillery,RB,,1591,,1,,,,
4630,I'Tavius Mathers,RB,,1592,,1,,,,
4626,Amba Etta-Tawo,WR,,1593,,1,,,,
4623,Tim Cook,RB,,1594,,1,,,,
4622,Keelan Cole,WR,,1595,,1,,,,
4621,Caleb Bluiett,TE,,1596,,1,,,,
4613,Shaq Hill,WR,,1597,,1,,,,
4610,Deante' Gray,WR,,1598,,1,,,,
4607,Zach Conque,QB,,1599,,1,,,,
4605,Evan Baylis,TE,,1600,,1,,,,
4602,Robert Tonyan,TE,PIT,1601,9,1,1.4,,,
4600,Noel Thomas,WR,,1602,,1,,,,
4599,Michael Rector,WR,,1603,,1,,,,
4595,Dontez Ford,WR,,1604,,1,,,,
4593,Brandon Barnes,TE,,1605,,1,,,,
4588,Kyle Sloter,QB,,1606,,1,,,,
4585,Anthony Nash,WR,,1607,,1,,,,
4574,Cooper Rush,QB,ATL,1608,,1,,,,
4571,Blake Jarwin,TE,,1609,,1,,,,
4569,Brian Brown,WR,,1610,,1,,,,
4563,Taylor McNamara,TE,,1611,,1,,,,
4551,Tanner Gentry,WR,,1613,,1,,,,
455,Michael Crabtree,WR,,1614,,1,,,,
4548,Joel Bouagnon,RB,,1615,,1,,,,
4545,Keith Towbridge,TE,,1616,,1,,,,
4544,Daikiel Shorts,WR,,1617,,1,,,,
4537,Jordan Johnson,RB,,1618,,1,,,,
4536,Jason Croom,TE,,1619,,1,,,,
4535,Steven Wroblewski,TE,,1620,,1,,,,
4533,James Summers,RB,,1621,,1,,,,
4531,Ricky Seals-Jones,TE,,1622,,1,,,,
4528,Trevor Knight,QB,,1623,,1,,,,
4526,Krishawn Hogan,WR,,1624,,1,,,,
4520,Travin Dural,WR,,1625,,1,,,,
4519,Devine Redding,RB,,1626,,1,,,,
4515,B.J. Johnson,WR,,1627,,1,,,,
4508,Gabe Marks,WR,,1628,,1,,,,
4504,John Robinson-Woodgett,RB,,1629,,1,,,,
4497,Tony Stevens,WR,,1630,,1,,,,
4494,Alonzo Moore,WR,,1631,,1,,,,
4491,Marcus Kemp,WR,,1632,,1,,,,
4490,Wyatt Houston,TE,CAR,1633,5,1,,,,
4489,Gehrig Dieter,WR,,1634,,1,,,,
4485,William Stanback,RB,,1635,,1,,,,
4480,Bobo Wilson,WR,,1636,,1,,,,
4479,Thomas Sperbeck,WR,,1637,,1,,,,
4475,Sefo Liufau,QB,,1638,,1,,,,
4468,Antony Auclair,TE,,1639,,1,,,,
4464,Nick Mullens,QB,JAX,1640,7,1,12.04,,1,1.02
4463,Tyler McCloskey,RB,,1641,,1,,,,
4456,K.D. Cannon,WR,,1642,,1,,,,
4455,Matt Breida,RB,,1643,,1,,,,
4454,Kendrick Bourne,WR,ARI,1644,14,1,57.3,4.72,4.7,4.75
4453,Victor Bolden,WR,,1645,,1,,,,
4445,Keon Hatcher,WR,,1646,,1,,,,
4443,Pharaoh Brown,TE,,1647,,1,,,,
4435,Anthony Firkser,TE,DET,1649,7,1,,,,
4434,Brisly Estime,WR,,1650,,1,,,,
4421,Jacob Hollister,TE,,1651,,1,,,,
4420,Cody Hollister,WR,,1652,,1,,,,
4416,Austin Carr,WR,,1653,,1,,,,
4411,R.J. Shelton,WR,,1654,,1,,,,
4409,Josiah Price,TE,,1655,,1,,,,
4408,Terrell Newby,RB,,1656,,1,,,,
4406,Wes Lunt,QB,,1657,,1,,,,
4401,Damore'ea Stringfellow,WR,,1658,,1,,,,
4396,Drew Morgan,WR,,1659,,1,,,,
4392,Malcolm Lewis,WR,,1660,,1,,,,
4385,Kalif Phillips,RB,,1661,,1,,,,
4384,Aaron Peck,TE,,1662,,1,,,,
4381,Taysom Hill,TE,,1663,,1,7.5,,,
4373,Stanley Williams,RB,,1664,,1,,,,
4367,Monty Madaris,WR,,1665,,1,,,,
4364,Karel Hamilton,WR,,1667,,1,,,,
4362,Cethan Carter,TE,,1668,,1,,,,
4360,Fred Ross,WR,,1669,,1,,,,
4358,Austin Duke,WR,,1670,,1,,,,
4351,Tim Patrick,WR,NYJ,1672,13,1,10.7,,,
4349,Taquan Mizzell,RB,NYG,1674,8,1,,,,
4344,C.J. Board,WR,,1675,,1,,,,
4338,Levern Jacobs,WR,,1676,,1,,,,
4335,P.J. Walker,QB,,1677,,1,,,,
4330,JoJo Natson,WR,,1678,,1,,,,
4328,Jerome Lane,WR,,1679,,1,,,,
4327,Colin Jeter,TE,,1680,,1,,,,
4326,Bug Howard,TE,,1681,,1,,,,
4324,Trey Griffey,WR,,1682,,1,,,,
4323,Darrell Daniels,TE,,1683,,1,,,,
4322,Dalton Crossan,RB,,1684,,1,,,,
4320,James Quick,WR,,1685,,1,,,,
4319,Zach Pascal,WR,,1686,,1,,,,
4314,Johnny Mundt,TE,PHI,1687,10,1,,,,
4309,Scott Orndoff,TE,,1688,,1,,,,
4305,Tyler Renew,RB,,1689,,1,,,,
4301,Josh Magee,WR,,1690,,1,,,,
4289,Ishmael Zamora,WR,,1691,,1,,,,
4285,Robert Davis,WR,,1692,,1,,,,
4283,Khalfani Muhammad,RB,,1693,,1,,,,
4274,David Moore,WR,CAR,1694,5,1,3.3,0.04,0.03,0.03
4273,Chris Carson,RB,,1695,,1,,,,
4263,Elijah McGuire,RB,KC,1696,5,1,,,,
4252,Isaiah Ford,WR,,1697,,1,,,,
4234,Noah Brown,WR,,1699,,1,18.3,,,
4229,Mason Schreck,TE,,1700,,1,,,,
4221,Jeremy Sprinkle,TE,,1702,,1,,,,
4219,Jeremy McNichols,RB,WAS,1703,7,1,7.9,1.04,1.07,1.04
4218,Trent Taylor,WR,,1704,,1,,,,
4214,Shelton Gibson,WR,,1705,,1,,,,
4208,Rodney Adams,WR,,1706,,1,,,,
4200,DeAngelo Yancey,WR,,1707,,1,,,,
4198,Jamal Agnew,WR,,1708,,1,,,,
4197,Isaiah McKenzie,WR,,1709,,1,,,,
4189,Eric Saubert,TE,SEA,1710,11,1,4.2,0.32,0.33,0.33
4187,Brian Hill,RB,,1711,,1,,,,
4186,T.J. Logan,RB,,1712,,1,,,,
4184,Bucky Hodges,TE,,1713,,1,,,,
4183,Nathan Peterman,QB,,1714,,1,,,,
4179,Joshua Dobbs,QB,,1715,,1,12.4,,,
4177,Mack Hollins,WR,NE,1716,11,1,49.4,2.56,2.65,4.24
4175,Chad Hansen,WR,,1717,,1,,,,
4171,Josh Reynolds,WR,,1718,,1,5,,,
4169,Jehu Chesson,WR,,1719,,1,,,,
4162,Ryan Switzer,WR,,1720,,1,,,,
4160,Josh Malone,WR,,1721,,1,,,,
4157,Tarik Cohen,RB,,1722,,1,,,,
4153,Jordan Leggett,TE,,1723,,1,,,,
4152,Marlon Mack,RB,,1724,,1,,,,
4151,Jake Butt,TE,,1725,,1,,,,
4150,Wayne Gallman,RB,,1726,,1,,,,
4149,Jamaal Williams,RB,,1727,,1,,,,
4147,Samaje Perine,RB,CIN,1728,6,1,51.6,4.45,4.5,4.4
4146,Dede Westbrook,WR,,1729,,1,,,,
4144,Jonnu Smith,TE,,1730,,1,28.4,,,
4139,Amara Darboh,WR,,1731,,1,,,,
4131,Kenny Golladay,WR,,1732,,1,,,,
4128,Chad Williams,WR,,1733,,1,,,,
4127,C.J. Beathard,QB,,1734,,1,,,,
4125,Taywan Taylor,WR,,1735,,1,,,,
4111,D'Onta Foreman,RB,,1736,,1,,,,
4108,Carlos Henderson,WR,,1737,,1,,,,
4098,Kareem Hunt,RB,,1738,,1,22.7,,,
4089,Gerald Everett,TE,,1739,,1,,,,
4085,Adam Shaheen,TE,,1740,,1,,,,
4082,Curtis Samuel,WR,,1741,,1,4.3,,,
4080,Zay Jones,WR,,1742,,1,,,,
4068,Mike Williams,WR,,1743,,1,,,,
4066,Evan Engram,TE,DEN,1744,10,1,55.2,3.44,3.46,3.46
4061,Davis Webb,QB,,1745,,1,,,,
4055,O.J. Howard,TE,,1746,,1,,,,
4054,Mo Alie-Cox,TE,IND,1747,13,1,11.4,0.74,0.75,0.75
4051,Chad Kelly,QB,,1748,,1,,,,
4050,Cyril Grayson,WR,,1749,,1,,,,
4042,Joe Williams,RB,,1750,,1,,,,
4040,JuJu Smith-Schuster,WR,NYG,1751,8,1,25.6,,,
4038,John Ross,WR,,1752,,1,,,,
4036,Corey Davis,WR,,1753,,1,,,,
4031,Travis Wilson,TE,,1754,,1,,,,
4029,Dalvin Cook,RB,,1755,,1,,,,
4026,DeShone Kizer,QB,,1756,,1,,,,
4004,Chris Briggs,TE,,1757,,1,,,,
3978,Jacob Huesman,QB,,1758,,1,,,,
3976,Mitchell Trubisky,QB,TEN,1759,9,1,11.94,,,
3969,Leonard Fournette,RB,,1760,,1,,,,
3957,Blake Sims,QB,,1761,,1,,,,
3934,Troymaine Pope,RB,,1762,,1,,,,
3921,Nick Truesdell,TE,,1763,,1,,,,
3920,Harvey Binford,WR,,1764,,1,,,,
3917,Kendal Thompson,WR,,1765,,1,,,,
3916,David Watford,WR,,1766,,1,,,,
3908,Eric Wallace,TE,,1767,,1,,,,
3895,Marvin Hall,WR,,1768,,1,,,,
3894,Garrett Griffin,TE,,1769,,1,,,,
3893,Reece Horn,WR,,1770,,1,,,,
3883,Romar Morris,RB,,1772,,1,,,,
3880,M.J. McFarland,TE,,1773,,1,,,,
3868,Jalen Richard,RB,LV,1774,13,1,,,,
3859,Jalen Simmons,RB,,1775,,1,,,,
3852,Jaydon Mickens,WR,,1776,,1,,,,
3846,Duke Williams,WR,,1777,,1,,,,
3824,Alex Ellis,TE,,1779,,1,,,,
3817,Marcus Tucker,WR,,1780,,1,,,,
3816,Brandon Brown-Dukes,RB,,1781,,1,,,,
3811,Alstevis Squirewell,RB,,1782,,1,,,,
3803,Elijhaa Penny,RB,,1783,,1,,,,
3780,Cedric O'Neal,RB,,1784,,1,,,,
3774,Jason Vander Laan,TE,,1785,,1,,,,
3770,Quenton Bundrage,WR,,1786,,1,,,,
3762,Brandon Shippen,WR,,1787,,1,,,,
3732,Richard Mullaney,WR,,1788,,1,,,,
3730,Tevin Jones,WR,,1789,,1,,,,
3727,Dennis Parks,WR,,1790,,1,,,,
3695,J.P. Holtz,TE,,1791,,1,,,,
3688,Tra Carson,RB,,1792,,1,,,,
367,Jared Cook,TE,,1794,,1,,,,
3668,Joshua Perkins,TE,NYJ,1795,13,1,,,,
3664,J.D. McKissic,RB,,1796,,1,,,,
3660,Valdez Showers,WR,,1797,,1,,,,
3655,Reggie Diggs,WR,,1798,,1,,,,
3652,Mike Thomas,WR,,1799,,1,,,,
3648,Matt Weiser,TE,,1800,,1,,,,
3646,Quayvon Hicks,RB,,1801,,1,,,,
3640,Soma Vainuku,RB,,1802,,1,,,,
3634,Kalif Raymond,WR,CHI,1803,10,1,23.2,2.41,2.37,2.36
3630,Durron Neal,WR,,1804,,1,,,,
3621,Jordan Williams-Lambert,WR,,1805,,1,,,,
3615,Sione Houma,RB,,1806,,1,,,,
3614,Tommylee Lewis,WR,,1807,,1,,,,
3609,Chris King,WR,,1808,,1,,,,
3606,Amir Carlisle,WR,,1809,,1,,,,
3599,Dez Stewart,WR,,1810,,1,,,,
3596,Kivon Cartwright,TE,,1811,,1,,,,
3594,Peyton Barber,RB,,1812,,1,,,,
3593,Anthony Kelly,WR,,1813,,1,,,,
3588,Michael Miller,TE,,1814,,1,,,,
3584,Marcus Leak,WR,,1815,,1,,,,
3582,Chester Rogers,WR,,1816,,1,,,,
3570,Brandon Ross,RB,,1818,,1,,,,
3568,Marken Michel,WR,,1819,,1,,,,
3561,Bryce Williams,TE,,1820,,1,,,,
3556,Christian Powell,RB,,1821,,1,,,,
3555,Canaan Severin,WR,,1822,,1,,,,
3554,David Reeves,TE,,1823,,1,,,,
3551,Max Wittek,QB,,1824,,1,,,,
3548,Jamal Robinson,WR,,1825,,1,,,,
3542,DeAndre Reaves,WR,,1826,,1,,,,
3540,Jamaal Jones,WR,,1827,,1,,,,
3531,Marshaun Coprich,RB,,1828,,1,,,,
3524,Marquise Williams,QB,,1829,,1,,,,
3520,Jay Lee,WR,,1830,,1,,,,
3516,Mitch Mathews,WR,,1831,,1,,,,
3515,K.J. Maye,WR,,1832,,1,,,,
3514,Jake McGee,TE,,1833,,1,,,,
3505,Dom Williams,WR,,1834,,1,,,,
3504,Steven Scheu,TE,,1835,,1,,,,
3503,Geronimo Allison,WR,,1836,,1,,,,
3500,Devon Cajuste,WR,,1837,,1,,,,
3497,Darion Griswold,TE,,1838,,1,,,,
3496,Stephen Anderson,TE,,1839,,1,,,,
3495,Mike Bercovici,QB,,1840,,1,,,,
3488,D.J. Foster,RB,,1841,,1,,,,
3486,Chris Brown,WR,,1842,,1,,,,
3476,Johnny Holton,WR,,1843,,1,,,,
3475,Keyarris Garrett,WR,,1844,,1,,,,
3465,Ben Braunecker,TE,,1845,,1,,,,
3464,Marquez North,WR,,1846,,1,,,,
3462,Jared Dangerfield,WR,,1847,,1,,,,
3456,Joel Stave,QB,,1848,,1,,,,
3454,Danny Anthrop,WR,,1849,,1,,,,
3453,Josh Ferguson,RB,,1850,,1,,,,
345,Brian Hoyer,QB,,1851,,1,,,,
3447,Cayleb Jones,WR,,1852,,1,,,,
3445,Marcus Johnson,WR,,1853,,1,,,,
3440,Josh Woodrum,QB,,1855,,1,,,,
344,Julian Edelman,WR,,1856,,1,,,,
3433,Alex Erickson,WR,,1857,,1,,,,
3423,Robbie Chosen,WR,,1858,,1,,,,
3418,Mekale McKay,WR,,1859,,1,,,,
3412,Devon Johnson,RB,,1860,,1,,,,
3410,Jake Coker,QB,,1861,,1,,,,
3407,Beau Sandland,TE,,1862,,1,,,,
3402,Zac Brooks,RB,,1863,,1,,,,
3398,Kenny Lawler,WR,,1864,,1,,,,
3397,Keith Marshall,RB,,1865,,1,,,,
3393,Devin Fuller,WR,,1866,,1,,,,
3391,Dwayne Washington,RB,,1867,,1,,,,
3380,Devin Lucien,WR,,1868,,1,,,,
3371,Darius Jackson,RB,,1869,,1,,,,
3362,Jeff Driskel,QB,,1870,,1,,,,
3357,Brandon Allen,QB,NYG,1871,8,1,,,,
3355,Cody Core,WR,,1872,,1,,,,
3348,Kolby Listenbee,WR,,1875,,1,,,,
3347,Jake Rudock,QB,,1876,,1,,,,
3343,Nate Sudfeld,QB,,1877,,1,,,,
3342,Jakeem Grant,WR,,1878,,1,,,,
3340,Jerell Adams,TE,,1879,,1,,,,
3336,Moritz Bohringer,TE,,1880,,1,,,,
3333,Temarrick Hemingway,TE,WAS,1881,7,1,,,,
333,Ryan Fitzpatrick,QB,,1883,,1,,,,
3328,Rashard Higgins,WR,,1884,,1,,,,
3319,Trevor Davis,WR,,1885,,1,,,,
3318,Kevin Hogan,QB,,1886,,1,,,,
3312,Jonathan Williams,RB,,1887,,1,,,,
331,Philip Rivers,QB,,1888,,1,,,,
3309,Wendell Smallwood,RB,WAS,1889,7,1,,,,
3306,Jordan Howard,RB,,1890,,1,,,,
3300,DeAndre Washington,RB,,1891,,1,,,,
3297,Tajae Sharpe,WR,,1892,,1,,,,
3296,Seth DeValve,TE,,1893,,1,,,,
3286,Demarcus Robinson,WR,SF,1894,8,1,31.1,2.06,0.99,0.98
3280,Tyler Ervin,RB,,1895,,1,,,,
3278,Pharoh Cooper,WR,,1896,,1,,,,
3271,Tyler Higbee,TE,LAR,1897,11,1,25.9,1.65,1.67,1.63
3269,Chris Moore,WR,BAL,1898,13,1,3.1,,,
3258,Nick Vannett,TE,SEA,1899,11,1,,,,
3242,Kenyan Drake,RB,,1900,,1,,,,
3239,Bronson Kaufusi,TE,GB,1901,11,1,,,,
3225,Tyler Boyd,WR,,1902,,1,,,,
3211,Paul Perkins,RB,,1903,,1,,,,
3209,Devontae Booker,RB,,1904,,1,,,,
3208,Kenneth Dixon,RB,,1905,,1,,,,
3205,Cody Kessler,QB,,1906,,1,,,,
3204,C.J. Prosise,RB,,1907,,1,,,,
3202,Austin Hooper,TE,ATL,1908,11,1,26.2,2.57,2.72,2.7
3200,Sterling Shepard,WR,,1909,,1,0.6,,,
3199,Michael Thomas,WR,,1910,,1,,,,
3178,Josh Doctson,WR,,1911,,1,,,,
3177,Corey Coleman,WR,,1912,,1,,,,
3170,Paxton Lynch,QB,,1913,,1,,,,
3164,Ezekiel Elliott,RB,,1914,,1,,,,
3161,Carson Wentz,QB,MIN,1915,6,1,12.44,,,
3157,William Fuller,WR,,1916,,1,,,,
3155,Laquon Treadwell,WR,IND,1917,13,1,,,,
3150,Xavier Rush,WR,,1918,,1,,,,
3148,Anthony Dable,WR,,1919,,1,,,,
312,Matthew Slater,WR,,1920,,1,,,,
3078,Jamel Johnson,WR,,1921,,1,,,,
3052,Kendrick Ings,WR,,1922,,1,,,,
3048,Chris Manhertz,TE,NYG,1923,8,1,1.8,0.25,0.25,0.25
3045,Gannon Sinclair,TE,,1924,,1,,,,
3041,Ross Travis,TE,,1925,,1,,,,
3036,Matt Lengel,TE,,1926,,1,,,,
3021,Devin Gardner,WR,,1927,,1,,,,
3020,Dan Light,TE,,1928,,1,,,,
2996,Logan Stokes,TE,,1929,,1,,,,
2981,Ross Scheuerman,RB,,1930,,1,,,,
2962,Zach D'Orazio,WR,,1931,,1,,,,
2957,Ernst Brun,TE,,1932,,1,,,,
2949,Synjyn Days,RB,,1933,,1,,,,
2948,Brandon Cottom,RB,,1934,,1,,,,
2947,Clay Burton,TE,,1935,,1,,,,
2945,Lee Ward,RB,,1936,,1,,,,
2944,Matt LaCosse,TE,NE,1937,11,1,,,,
2943,Mark Weisman,RB,,1938,,1,,,,
2940,Des Lawrence,WR,,1939,,1,,,,
2939,Javess Blue,WR,,1940,,1,,,,
2938,Cam Worthy,WR,,1941,,1,,,,
2937,Damond Powell,WR,,1942,,1,,,,
2936,Rasheed Williams,RB,,1943,,1,,,,
2935,Ricky Collins,WR,,1944,,1,,,,
2934,Jonathon Rumph,WR,,1945,,1,,,,
2933,Corey Knox,RB,,1946,,1,,,,
2932,Eric Frohnapfel,TE,,1947,,1,,,,
2931,Deshon Foxx,WR,,1948,,1,,,,
2930,Justin Tukes,TE,,1949,,1,,,,
2929,Adrian Coxson,WR,,1950,,1,,,,
2927,Keshawn Hill,RB,,1951,,1,,,,
2925,Darius Davis,WR,,1952,,1,,,,
2923,Connor Neighbors,RB,,1953,,1,,,,
2922,Devin Mahina,TE,,1954,,1,,,,
2921,Taylor Sloat,TE,,1955,,1,,,,
2920,Jeret Smith,WR,,1956,,1,,,,
2918,Demetrius Wilson,WR,,1957,,1,,,,
2917,Brian Vogler,TE,,1958,,1,,,,
2916,Ify Umodu,WR,,1959,,1,,,,
2914,Luke Lundy,RB,,1960,,1,,,,
2913,Gavin Lutman,WR,,1961,,1,,,,
2910,Tyler Rutenbeck,WR,,1962,,1,,,,
2909,Beau Gardner,TE,,1963,,1,,,,
2906,Bell Braylon,WR,,1964,,1,,,,
2905,Josh Reese,WR,,1965,,1,,,,
2903,Shane Carden,QB,,1966,,1,,,,
2900,Terrence Franks,RB,,1967,,1,,,,
2898,Cameron Clear,TE,,1968,,1,,,,
2892,Rodney Smith,RB,,1969,,1,,,,
289,Drew Brees,QB,,1970,,1,,,,
2886,Justin Sinz,TE,,1971,,1,,,,
2880,Zach Laskey,RB,,1972,,1,,,,
2879,Isiah Ferguson,WR,,1973,,1,,,,
2875,Tony Creecy,RB,,1974,,1,,,,
2870,Ray Hamilton,TE,,1975,,1,,,,
2846,Marquez Clark,WR,,1976,,1,,,,
284,Delanie Walker,TE,,1977,,1,,,,
2838,Trevor Harman,WR,,1978,,1,,,,
2836,Kenny Cook,WR,,1979,,1,,,,
2822,Adam Humphries,WR,,1980,,1,,,,
2821,Jake Kumerow,WR,,1981,,1,,,,
2820,Dominique Brown,RB,,1982,,1,,,,
2817,Daniel Rodriguez,WR,,1983,,1,,,,
2801,DeAndrew White,WR,,1984,,1,,,,
2800,Mario Hull,WR,,1985,,1,,,,
2790,Nigel King,WR,,1986,,1,,,,
2787,David Porter,WR,,1987,,1,,,,
2785,Gus Johnson,RB,,1988,,1,,,,
2783,Kenzel Doe,WR,,1989,,1,,,,
2771,Jimmie Hunt,WR,,1990,,1,,,,
2770,Harold Spears,TE,,1991,,1,,,,
2768,Braylon Heard,RB,,1992,,1,,,,
2767,Jawon Chisholm,RB,,1993,,1,,,,
2756,Andrew Gleichert,TE,,1994,,1,,,,
2755,Eric Tomlinson,TE,,1995,,1,,,,
2754,Michael Johnson,WR,,1996,,1,,,,
2753,Rasheed Bailey,WR,,1997,,1,,,,
2752,Trent Steelman,WR,,1998,,1,,,,
2751,Daniel Brown,TE,,1999,,1,,,,
2750,DeAndre Carter,WR,,2000,,1,1.3,,,
2749,Raheem Mostert,RB,,2001,,1,10,,,
2733,Kasey Closs,WR,,2002,,1,,,,
2730,Kenneth Harper,RB,,2003,,1,,,,
2713,Josh Harper,WR,,2004,,1,,,,
2711,Taylor Heinicke,QB,,2005,,1,,,,
2703,Ezell Ruffin,WR,,2006,,1,,,,
2684,Corbin Louks,WR,,2007,,1,,,,
268,Alex Smith,QB,,2008,,1,,,,
2674,Paul Browning,WR,,2009,,1,,,,
2673,Damiere Byrd,WR,,2010,,1,,,,
2672,Damarr Aultman,WR,,2011,,1,,,,
2651,Phillip Sims,QB,,2013,,1,,,,
2639,Tony Jones,WR,,2014,,1,,,,
2636,Jarred Haggins,WR,,2015,,1,,,,
2635,Vernon Johnson,WR,,2016,,1,,,,
2632,Desmond Martin,RB,,2017,,1,,,,
2620,Jake Heaps,QB,,2018,,1,,,,
2602,Darius Jennings,WR,,2019,,1,,,,
2600,Ricky Seale,RB,,2020,,1,,,,
260,Josh Johnson,QB,CIN,2021,6,1,11.34,,,
2597,Michael Dyer,RB,,2022,,1,,,,
2595,Tim Semisch,TE,,2023,,1,,,,
2593,Antwan Goodley,WR,,2024,,1,,,,
2588,Malcolm Brown,RB,,2025,,1,,,,
2587,Dres Anderson,WR,,2026,,1,,,,
2583,Tyrell Williams,WR,,2027,,1,,,,
2582,Cole Stoudt,QB,,2028,,1,,,,
2581,Jahwan Edwards,RB,,2029,,1,,,,
2580,Titus Davis,WR,,2030,,1,,,,
2578,John Harris,WR,,2031,,1,,,,
2577,Devante Davis,WR,,2032,,1,,,,
2576,Cody Fajardo,QB,,2033,,1,,,,
2573,DaVaris Daniels,WR,,2034,,1,,,,
2570,Donatella Luckett,WR,,2035,,1,,,,
2569,Jake Waters,QB,,2036,,1,,,,
2567,Bryan Bennett,QB,,2037,,1,,,,
2565,Jean Sifrin,TE,,2038,,1,,,,
2561,Anthony Boone,QB,,2039,,1,,,,
2560,Zach Zenner,RB,,2040,,1,,,,
2557,Jerry Lovelocke,QB,,2041,,1,,,,
2553,Rory Anderson,TE,,2042,,1,,,,
2549,Trevor Siemian,QB,,2043,11,1,,,,
2545,Geoff Swaim,TE,,2044,,1,,,,
2532,Da'Ron Brown,WR,,2045,,1,,,,
2528,Ben Koyack,TE,,2046,,1,,,,
2505,Darren Waller,TE,,2047,,1,69.6,,,
2502,Bud Sasser,WR,,2048,,1,,,,
2495,Nick O'Leary,TE,,2050,,1,,,,
2487,Geremy Davis,WR,,2051,,1,,,,
2476,James O'Shaughnessy,TE,,2052,,1,,,,
2474,Nick Boyle,TE,,2053,,1,,,,
2465,Kenny Bell,WR,,2055,,1,,,,
2463,Jesse James,TE,,2056,,1,,,,
2462,J.J. Nelson,WR,,2057,,1,,,,
2460,C.J. Uzomah,TE,,2058,,1,,,,
246,Darren Sproles,RB,,2059,,1,,,,
2452,Jay Ajayi,RB,,2060,,1,,,,
2450,Brett Hundley,QB,,2061,,1,,,,
2446,MyCole Pruitt,TE,,2062,,1,,,,
2431,Mike Davis,RB,,2063,,1,,,,
2430,Javorius Allen,RB,,2064,,1,,,,
2422,Blake Bell,TE,,2065,,1,,,,
2412,Justin Hardy,WR,,2066,,1,,,,
2410,Jamison Crowder,WR,,2067,,1,,,,
24,Matt Ryan,QB,,2068,,1,,,,
2399,Ty Montgomery,RB,,2069,,1,,,,
2397,Jeff Heuerman,TE,,2070,,1,,,,
2394,Sean Mannion,QB,,2071,,1,,,,
2391,David Johnson,RB,,2072,,1,,,,
2390,Tyler Kroft,TE,,2073,,1,,,,
2382,Duke Johnson,RB,,2074,,1,,,,
2381,Chris Conley,WR,,2075,,1,,,,
2378,Tevin Coleman,RB,,2076,,1,,,,
2374,Tyler Lockett,WR,,2077,,1,22.8,,,
2373,Clive Walford,TE,,2078,,1,,,,
2360,Maxx Williams,TE,,2079,,1,,,,
2359,Ameer Abdullah,RB,JAX,2080,7,1,3.8,,,
2346,Devin Funchess,TE,,2081,,1,,,,
2342,Devin Smith,WR,,2082,,1,,,,
2341,T.J. Yeldon,RB,,2083,,1,,,,
2334,Phillip Dorsett,WR,LV,2084,13,1,,,,
2331,Breshad Perriman,WR,,2085,,1,,,,
233,Matt Moore,QB,,2086,,1,,,,
2325,Nelson Agholor,WR,,2087,,1,,,,
2320,Melvin Gordon,RB,,2088,,1,,,,
232,Frank Gore,RB,,2089,,1,,,,
2319,DeVante Parker,WR,,2090,,1,,,,
2315,Todd Gurley,RB,,2091,,1,,,,
2312,Kevin White,WR,,2092,,1,,,,
2309,Amari Cooper,WR,,2093,,1,,,,
2304,Jerome Cunningham,TE,,2094,,1,,,,
23,Jason Witten,TE,,2095,,1,,,,
2291,Dontrelle Inman,WR,,2096,,1,,,,
2279,Paul Richardson,WR,,2097,,1,,,,
2262,Trey Millard,RB,,2098,,1,,,,
2257,Carlos Hyde,RB,,2099,,1,,,,
2251,Logan Thomas,TE,,2100,,1,,,,
2238,John Brown,WR,,2101,,1,,,,
223,Larry Fitzgerald,WR,,2102,,1,,,,
2229,Garrett Gilbert,QB,,2103,,1,,,,
2214,Cameron Brate,TE,,2104,,1,,,,
2206,Logan Kilgore,QB,,2105,,1,,,,
2200,Timothy Flanders,RB,,2106,,1,,,,
2197,Brandin Cooks,WR,,2107,,1,23.8,,,
2191,Marcus Lucas,WR,,2108,,1,,,,
2168,Devonta Freeman,RB,,2110,,1,,,,
2161,Jerick McKinnon,RB,,2111,,1,,,,
2152,Teddy Bridgewater,QB,DET,2112,6,1,11.58,,,
2146,Richard Rodgers,TE,,2113,,1,,,,
2142,Rajion Neal,RB,,2114,,1,,,,
2121,T.J. Jones,WR,,2115,,1,,,,
2119,James Franklin,QB,,2116,,1,,,,
2118,Eric Ebron,TE,PIT,2117,9,1,,,,
2114,Senorise Perry,RB,,2118,,1,,,,
2106,David Fales,QB,,2119,,1,,,,
2093,Ryan Grant,WR,,2120,,1,,,,
2082,Xavier Grimble,TE,,2121,,1,,,,
208,Josh McCown,QB,,2122,,1,,,,
2078,Odell Beckham,WR,NYG,2123,8,1,23,,,
2044,Brelan Chancellor,WR,,2125,,1,,,,
2040,Scott Simonson,TE,,2126,,1,,,,
2039,Seth Roberts,WR,,2127,,1,,,,
2028,Derek Carr,QB,,2128,,1,27.18,,,
2025,Albert Wilson,WR,,2129,,1,,,,
2023,De'Anthony Thomas,WR,,2130,,1,,,,
2004,Cody Latimer,WR,,2131,,1,,,,
2003,Bennie Fowler,WR,,2132,,1,,,,
200,Vernon Davis,TE,,2133,,1,,,,
1992,Allen Robinson,WR,,2134,,1,,,,
1987,Marqise Lee,WR,,2135,,1,,,,
1984,Allen Hurns,WR,MIA,2136,6,1,,,,
1979,Blake Bortles,QB,NO,2137,8,1,,,,
1971,Donte Moncrief,WR,,2138,,1,,,,
1943,Lacoltan Bester,WR,,2139,,1,,,,
1939,Derel Walker,WR,,2140,,1,,,,
1916,Martavis Bryant,WR,,2141,,1,,,,
1911,Willie Snead,WR,,2142,,1,,,,
1903,Taylor Gabriel,WR,,2143,,1,,,,
19,Joe Flacco,QB,CIN,2144,6,1,28.72,,,
1895,AJ McCarron,QB,,2145,,1,,,,
1855,Shaquelle Evans,WR,,2146,,1,,,,
1854,Quincy Enunwa,WR,,2147,,1,,,,
1848,James White,RB,,2148,,1,,,,
1842,Derrick Johnson,WR,,2149,,1,,,,
1841,Stephen Houston,RB,,2150,,1,,,,
184,Adrian Peterson,RB,,2151,,1,,,,
1837,Jimmy Garoppolo,QB,,2152,,1,12.32,,,
1833,Damien Williams,RB,,2153,,1,,,,
1825,Jarvis Landry,WR,,2154,,1,,,,
1817,Sammy Watkins,WR,,2155,,1,,,,
181,Drew Stanton,QB,,2156,,1,,,,
1800,Jordan Matthews,TE,,2157,,1,,,,
1794,David Fluellen,RB,,2158,,1,,,,
1793,Trey Burton,TE,,2159,,1,,,,
178,Matt Schaub,QB,,2160,,1,,,,
1777,Josh Hill,TE,,2161,,1,,,,
1737,Case Keenum,QB,CHI,2162,10,1,,,,
1718,Derek Carrier,TE,,2163,,1,,,,
1706,Jack Doyle,TE,IND,2164,13,1,,,,
1701,Eric Rogers,WR,,2165,,1,,,,
1689,Adam Thielen,WR,,2168,,1,,,,
1684,Jaron Brown,WR,,2169,,1,,,,
1678,Uzoma Nwachukwu,WR,,2170,,1,,,,
167,Tom Brady,QB,,2171,,1,,,,
1652,Terrell Sinkfield,WR,,2172,,1,,,,
1642,Levine Toilolo,TE,NYG,2173,8,1,,,,
1619,Demetrius Harris,TE,,2174,,1,,,,
1612,Tyler Bray,QB,,2175,,1,,,,
1604,Nick Williams,WR,DEN,2176,10,1,,,,
1603,Luke Willson,TE,,2177,,1,,,,
1601,Spencer Ware,RB,,2178,,1,,,,
1592,Darren Fells,TE,TB,2179,10,1,,,,
1587,Vance McDonald,TE,,2180,,1,,,,
1567,Tavon Austin,WR,,2181,,1,,,,
1559,Mike Glennon,QB,,2182,,1,,,,
1555,Kenny Stills,WR,,2183,,1,,,,
1550,Ryan Griffin,QB,,2184,,1,,,,
1546,Kenjon Barner,RB,,2185,,1,,,,
1535,Cordarrelle Patterson,RB,,2186,,1,,,,
1517,Theo Riddick,RB,,2187,,1,,,,
1502,Chris Thompson,RB,,2188,,1,,,,
1500,Jordan Reed,TE,,2189,,1,,,,
1476,Latavius Murray,RB,,2190,,1,,,,
147,DeSean Jackson,WR,,2191,,1,,,,
1451,C.J. Anderson,RB,,2192,,1,,,,
1426,DeAndre Hopkins,WR,,2193,,1,2,,,
1425,Ryan Griffin,TE,,2194,,1,,,,
1408,Le'Veon Bell,RB,TB,2195,10,1,,,,
14062,Tyler Moore,TE,NYG,2196,8,1,,,,
14061,Jeremiah Franklin,TE,NE,2197,11,1,,,,
14058,Malick Meiga,WR,CAR,2198,5,1,,,,
14056,Kyre Duplessis,WR,SEA,2199,,1,,,,
14055,Louis Hansen,TE,,2200,8,1,,,,
14049,Brandon Hayes,WR,,2201,,1,,,,
14047,Heinrich Haarberg,TE,,2202,,1,,,,
14044,Miles Davis,RB,CAR,2203,5,1,,,,
14041,Anderson Castle,RB,IND,2204,13,1,,,,
14040,Terrill Davis,WR,MIN,2205,6,1,,,,
14039,Mante Morrow,WR,LAC,2206,7,1,,,,
14038,Trayvon Rudolph,WR,MIN,2207,6,1,,,,
14037,Rashad Rochelle,WR,SEA,2208,11,1,,,,
14034,Brock Rechsteiner,WR,NO,2209,8,1,,,,
14031,Kyron Hudson,WR,CHI,2210,10,1,,,,
14029,Johnny Pascuzzi,TE,LAC,2211,7,1,,,,
14021,Kadarius Calloway,RB,TB,2212,10,1,,,,
14020,Dean Patterson,WR,TB,2213,10,1,,,,
14018,Jordan Nubin,RB,,2214,,1,,,,
14017,Brett Weaver,TE,,2215,,1,,,,
14008,Rodney Hammond,RB,DEN,2216,10,1,,,,
14005,Tommy Thomas,WR,,2217,,1,,,,
14001,Julius Davis,RB,,2218,,1,,,,
13996,Trent Howland,RB,,2219,,1,,,,
13989,E.J. Warner,QB,,2220,,1,,,,
13988,Stone Eby,TE,,2221,,1,,,,
13981,Kolbe Katsis,WR,DEN,2222,10,1,,,,
13975,Le'Meke Brockington,WR,ATL,2223,11,1,,,,
13973,Keelan Marion,WR,ATL,2224,11,1,,,,
13972,Brandon Frazier,TE,,2225,,1,,,,
13967,Jimmy Kibble,WR,NE,2226,11,1,,,,
13964,Myles Montgomery,RB,NE,2227,11,1,,,,
13963,Nick DeGennaro,WR,NE,2228,11,1,,,,
13962,Cameron Dorner,WR,NE,2229,11,1,,,,
13957,Kenny Fletcher,TE,TB,2230,10,1,,,,
13949,Damon Bankston,RB,NYG,2231,8,1,,,,
13946,Jamal Haynes,RB,CIN,2232,6,1,8.6,,,
13943,Squirrel White,WR,,2233,,1,,,,
13941,Omari Kelly,WR,CHI,2234,10,1,,,,
13939,Gabriel Benyard,WR,CAR,2235,,1,,,,
13931,E.J. Horton,WR,IND,2237,13,1,,,,
13930,Jordon Vaughn,RB,,2238,,1,,,,
13929,Sahmir Hagans,WR,IND,2239,13,1,,,,
13923,Joshua Pitsenberger,RB,HOU,2240,8,1,,,,
13920,Jonathan Brady,WR,,2241,13,1,,,,
13916,Xavier Loyd,WR,KC,2242,5,1,,,,
13913,Patrick Gurd,TE,LV,2243,13,1,,,,
13909,Elijah Tau-Tolliver,RB,BAL,2244,13,1,,,,
13906,Jaden Nixon,RB,GB,2245,11,1,,,,
13905,Omari Evans,WR,KC,2246,5,1,,,,
13904,Jacob De Jesus,WR,KC,2247,5,1,,,,
13898,Corey Rucker,WR,LV,2248,13,1,,,,
13890,Michael Briscoe,WR,MIN,2249,6,1,,,,
13889,Levi Wentz,WR,PIT,2250,9,1,,,,
13888,DeShawn Hanika,TE,,2251,,1,,,,
1388,Tyler Eifert,TE,,2252,,1,,,,
13879,Jameson Geers,TE,ARI,2253,14,1,,,,
13873,Sam Scott,RB,NYJ,2254,13,1,,,,
13870,Quentin Moore,TE,WAS,2255,7,1,,,,
1387,Rex Burkhead,RB,,2256,,1,,,,
13867,Sean Brown,WR,,2257,,1,,,,
13862,Treyvhon Saunders,WR,HOU,2258,8,1,,,,
13861,Daniel Sobkowicz,WR,HOU,2259,8,1,,,,
1386,Giovani Bernard,RB,,2260,,1,,,,
13859,Jalen Walthall,WR,NYJ,2261,13,1,,,,
13852,Dontae McMillan,RB,BAL,2262,13,1,,,,
13850,Octavian Smith,WR,BAL,2263,13,1,,,,
13849,Cortez Braham,WR,BAL,2264,13,1,,,,
13846,Jack Velling,TE,ATL,2265,11,1,5.3,,,
13844,Coleman Bennett,RB,CHI,2266,10,1,,,,
13839,Chase Curtis,TE,NYJ,2267,13,1,,,,
13835,Mekhi Mews,WR,,2268,,1,,,,
13834,Cody Hardy,TE,NO,2269,8,1,,,,
13831,Kevorian Barnes,RB,,2270,,1,,,,
13830,Kyle Dixon,WR,NE,2271,11,1,,,,
13827,Tanner Arkin,TE,NE,2272,11,1,,,,
13826,Caullin Lacy,WR,NYJ,2273,13,1,,,,
13825,Malik McClain,WR,NYJ,2274,13,1,,,,
13818,Romello Brinson,WR,,2275,,1,,,,
13816,Mark Gronowski,QB,MIA,2276,6,1,,,,
13810,Rohan Jones,TE,LAR,2277,11,1,,,,
13806,Matt Lauter,TE,,2278,,1,,,,
13805,E.J. Williams,WR,LV,2279,13,1,,,,
13802,Jacob Clark,QB,LV,2280,13,1,,,,
138,Ben Roethlisberger,QB,PIT,2281,9,1,,,,
13783,Raylen Sharpe,WR,IND,2283,13,1,,,,
13781,Ken Seals,QB,,2284,,1,,,,
13780,Terion Stewart,RB,KC,2285,5,1,,,,
13779,Al-Jay Henderson,RB,,2286,,1,,,,
13778,EJ Smith,RB,KC,2287,5,1,,,,
13777,Ademola Faleye,TE,,2288,,1,,,,
13776,Hank Beatty,WR,TEN,2289,9,1,,,,
13773,Isaiah Jacobs,RB,,2290,,1,,,,
13772,Eni Falayi,TE,,2291,,1,,,,
13770,J. Michael Sturdivant,WR,GB,2292,11,1,,,,
13768,Josh Pitsenburger,RB,,2293,,1,,,,
13760,Jaden Bradley,WR,WAS,2294,7,1,,,,
13750,TJ Harden,RB,CLE,2295,11,1,,,,
13749,Kole Wilson,WR,CLE,2296,11,1,,,,
13744,Cameron Ross,WR,DEN,2297,10,1,,,,
13743,Joseph Manjack,WR,DEN,2298,10,1,,,,
13726,Camden Brown,WR,DAL,2299,14,1,,,,
13725,Dominic Richardson,RB,DAL,2300,14,1,,,,
13712,Hayden Large,TE,CHI,2301,10,1,,,,
13708,Kobe Prentice,WR,NE,2302,11,1,,,,
13705,Ty Pezza,TE,BAL,2303,13,1,,,,
13702,Malik Rutherford,WR,,2304,,1,,,,
13698,Max Tomczak,WR,BUF,2305,7,1,,,,
13696,Ja'Mori Maclin,WR,BUF,2306,7,1,,,,
13685,Jake Retzlaff,QB,,2307,,1,,,,
13681,Kaidon Salter,QB,,2308,,1,,,,
13677,Noah Short,WR,,2309,,1,,,,
13674,Chris Hilton,WR,WAS,2310,7,1,,,,
13673,Trent Battle,RB,,2311,,1,,,,
13670,Harrison Wallace,WR,ARI,2312,14,1,,,,
13667,Marcus Burke,WR,,2313,,1,,,,
13663,Wesley Grimes,WR,SF,2314,8,1,,,,
13662,Will Pauling,WR,SF,2315,8,1,,,,
13661,Ethan Conner,TE,JAX,2316,7,1,,,,
13658,Brady Boyd,WR,JAX,2317,7,1,,,,
13657,Alex Bullock,WR,,2318,,1,,,,
13647,Ben Patterson,WR,,2319,7,1,,,,
13645,Michael Wortham,WR,JAX,2320,7,1,,,,
13632,Devonte Ross,WR,LAC,2321,7,1,,,,
13630,Evan Svoboda,TE,LAC,2322,7,1,,,,
13624,Shaleak Knotts,WR,,2323,,1,,,,
13621,Dillon Bell,WR,MIN,2324,6,1,,,,
13619,Marcus Sanders,WR,MIN,2325,6,1,,,,
13617,Luke Wysong,WR,,2326,6,1,,,,
13608,Jerand Bradley,WR,LAC,2327,7,1,,,,
13604,Sincere Brown,WR,LAC,2328,7,1,,,,
13603,Gregory Desrosiers,RB,LAC,2329,7,1,,,,
13602,Jack Strand,QB,ATL,2330,11,1,,,,
13600,Tyren Montgomery,WR,TEN,2331,9,1,,,,
13599,Kyron Drones,QB,GB,2332,11,1,,,,
13597,Matthew Caldwell,QB,LAR,2333,11,1,,,,
13595,Cash Jones,RB,ATL,2334,11,1,,,,
13592,Chandler Morris,QB,,2335,,1,,,,
13582,Anthony Smith,WR,DAL,2336,14,1,,,,
13580,Carsen Ryan,TE,CLE,2337,11,1,,,,
13577,Dallen Bentley,TE,DEN,2338,10,1,,,,
13557,Athan Kaliakmanis,QB,WAS,2339,7,1,,,,
13554,CJ Williams,WR,JAX,2340,7,1,,,,
13541,Lewis Bond,WR,HOU,2341,8,1,,,,
13533,Barion Brown,WR,NO,2342,8,1,24.6,1.1,1.09,1.11
1352,Robert Woods,WR,,2343,,1,,,,
13516,Max Bredeson,TE,MIN,2344,6,1,2.8,0.18,0.19,0.19
13491,Kaden Wetjen,WR,PIT,2345,9,1,3.2,,,
13477,Colbie Young,WR,CIN,2346,6,1,25.5,0.1,0.1,0.1
1346,Marquise Goodwin,WR,,2347,,1,,,,
13440,Damien Alford,WR,,2348,,1,,,,
13438,DeaMonte Trayanum,RB,NYJ,2349,13,1,,,,
13437,Noah Whittington,RB,HOU,2350,8,1,,,,
13436,Kentrel Bullock,RB,CIN,2351,6,1,,,,
13435,Joe Royer,TE,CLE,2352,11,1,46.3,2.2,2.04,2.03
13434,Will Kacmarek,TE,MIA,2353,6,1,49.1,2.85,2.87,2.85
13433,Riley Nowakowski,TE,PIT,2354,9,1,7.1,0.35,0.34,0.35
13432,Khalil Dinkins,TE,,2355,,1,,,,
13431,Miles Kitselman,TE,DET,2356,6,1,25.1,,,
13430,RJ Maryland,TE,GB,2357,11,1,,,,
13429,Seydou Traore,TE,MIA,2358,6,1,6,0.74,0.75,0.74
13428,Joey Aguilar,QB,JAX,2359,7,1,,,,
13427,Diego Pavia,QB,,2360,,1,12.52,,,
13426,Sawyer Robertson,QB,,2361,,1,,,,
13425,Jalon Daniels,QB,TB,2362,10,1,,,,
13424,Seth McGowan,RB,IND,2363,13,1,32.8,1.32,1.35,1.37
13423,Eli Heidenreich,RB,PIT,2364,9,1,,,,
13422,Jaren Kanak,TE,TEN,2365,9,1,25.1,0.97,0.93,0.97
13421,Eli Raridon,TE,NE,2366,11,1,26,1.96,1.46,1.47
13420,Bryce Lance,WR,NO,2367,8,1,31.2,1.3,1.28,1.3
13419,Jaydn Ott,RB,KC,2368,5,1,9.7,,,
13418,Robert Henry,RB,WAS,2369,7,1,,,,
13416,Roman Hemby,RB,LV,2370,13,1,,,,
13415,Haynes King,QB,CAR,2371,5,1,,,,
13414,Kaelon Black,RB,SF,2372,8,1,39.3,1.72,1.86,1.87
13413,Cyrus Allen,WR,KC,2373,5,1,30.2,1.52,1.6,1.69
13412,Kendrick Law,WR,DET,2374,6,1,,,,
13411,Zavion Thomas,WR,CHI,2375,10,1,47.2,1.8,1.77,1.77
13410,Chase Roberts,WR,LV,2376,13,1,5.1,,,
13409,Donaven McCulley,WR,MIA,2377,6,1,,,,
13408,Tanner Koziol,TE,JAX,2378,7,1,25.8,1.01,1,1.01
13407,Carson Towt,TE,IND,2379,13,1,,,,
13403,Jam Miller,RB,NE,2380,11,1,18.9,0.93,0.97,1.01
13402,Skyler Bell,WR,BUF,2381,7,1,76.2,2.48,2.42,2.4
13400,Justin Joly,TE,DEN,2382,10,1,46.5,3.01,3.03,3.03
13394,Josh Cameron,WR,JAX,2383,7,1,49.1,0.63,2.25,2.29
13392,Jeff Caldwell,WR,KC,2384,5,1,,,,
1339,Zach Ertz,TE,,2385,,1,28.7,,,
13380,Brenen Thompson,WR,LAC,2386,7,1,32,1.25,1.24,1.22
1338,Matt Barkley,QB,,2387,,1,,,,
13357,Lance Mason,TE,SEA,2388,11,1,25.1,,,
13356,Trebor Pena,WR,JAX,2389,7,1,5.1,,0.17,0.17
13355,DJ Rogers,TE,DAL,2390,14,1,,,,
13354,Eric McAlister,WR,,2391,,1,24.6,,,
13352,Lincoln Pare,RB,,2392,13,1,,,,
13351,Junior Vandeross,WR,,2393,,1,,,,
13350,Joe Fagnano,QB,BAL,2394,13,1,,,,
13348,J'Mari Taylor,RB,JAX,2395,7,1,28.2,0.99,0.95,0.95
13344,Preston Fox,WR,,2396,,1,,,,
13343,Vinny Anthony,WR,ATL,2397,11,1,,,,
13342,John Michael Gyllenborg,TE,KC,2398,5,1,34.9,,,
13339,Davon Booth,RB,CLE,2399,11,1,,,,
13338,Kevin Coleman,WR,MIA,2400,6,1,26.4,2.2,2.22,2.21
13336,Dane Key,WR,DEN,2401,10,1,5.1,,,
13335,Cole Payton,QB,PHI,2402,10,1,,,,
13334,C.J. Charleston,WR,,2403,,1,,,,
13333,Deion Burks,WR,IND,2404,13,1,22.6,3.7,3.72,3.73
13331,Dae'Quan Wright,TE,PHI,2405,10,1,,,,
1333,Russell Shepard,WR,,2406,,1,,,,
13329,Malik Benson,WR,LV,2407,13,1,,,,
13328,Anthony Hankerson,RB,MIA,2408,6,1,,,,
13327,Desmond Reid,RB,,2409,,1,23.3,,,
13326,DT Sheffield,WR,NYJ,2410,13,1,,,,
13325,Jordan Hudson,WR,DAL,2411,14,1,,,,
13324,Matt Hibner,TE,BAL,2412,13,1,25.3,1.32,1.23,1.26
13323,Rahsul Faison,RB,,2413,,1,,,,
13322,Sam Roush,TE,CHI,2414,10,1,26.5,1.52,1.5,1.5
13321,Dan Villari,TE,LAR,2415,11,1,,,,
13319,Oscar Delp,TE,NO,2416,8,1,30.9,2.02,1.99,2.03
13318,Noah Thomas,WR,CIN,2417,6,1,5.1,,,
13316,Eric Rivers,WR,TB,2418,10,1,23.9,,,
13315,Dean Connors,RB,LAR,2419,11,1,7.4,,,
13314,Luke Altmyer,QB,DET,2420,6,1,,,,
13313,Emmanuel Henderson,WR,SEA,2421,11,1,,,,
13312,Josh Kattus,TE,CIN,2422,6,1,,,,
13310,Miller Moss,QB,CHI,2423,10,1,,,,
13309,Aaron Anderson,WR,CLE,2424,11,1,24.7,,,
13308,Bauer Sharp,TE,TB,2425,10,1,,,,
13307,Marlin Klein,TE,HOU,2426,8,1,23.5,1.39,1.45,1.45
13306,Taylen Green,QB,CLE,2427,11,1,30.3,,,
13304,O'Mega Blake,WR,,2428,,1,,,,
13302,Adam Randall,RB,BAL,2429,13,1,26.1,0.8,0.76,0.78
13300,Le'Veon Moss,RB,,2430,,1,,,,
13299,Nate Boerkircher,TE,JAX,2431,7,1,21.9,1.17,1.14,1.16
13297,Reggie Virgil,WR,ARI,2432,14,1,5.1,0.29,0.29,0.29
13296,Caleb Douglas,WR,MIA,2433,6,1,26.5,2.3,2.31,2.3
13295,Behren Morton,QB,NE,2434,11,1,,,,
13292,Lake McRee,TE,PIT,2435,9,1,,,,
13291,Kejon Owens,RB,,2436,6,1,,,,
13290,Jalen Moss,WR,,2437,,1,,,,
1329,Chris Hogan,WR,,2438,,1,,,,
13289,Drew Allar,QB,PIT,2439,9,1,22.02,,,
13284,Dylan Devezin,RB,,2440,,1,,,,
13282,Jack Endries,TE,CIN,2441,6,1,42.8,2.09,2.05,2.05
13280,Chamon Metayer,TE,CAR,2442,,1,,,,
13277,CJ Donaldson,RB,NO,2443,8,1,,,,
13273,Josh Cuevas,TE,BAL,2444,13,1,22.3,0.64,0.59,0.61
13270,CJ Daniels,WR,LAR,2445,11,1,31.8,1.73,1.76,1.72
13264,Dohnte Meyers,WR,CIN,2446,6,1,,,,
13261,Layne Pryor,TE,HOU,2447,8,1,,,,
13258,Phil Lutz,WR,,2448,,1,,,,
13256,Roderick Daniels,WR,,2449,,1,,,,
13255,Shane Watts,RB,,2450,,1,,,,
13251,Gunnar Oakes,TE,,2451,,1,,,,
13250,Nay'Quan Wright,RB,,2452,,1,,,,
13249,Thomas Gordon,TE,DET,2453,6,1,,,,
13246,Jaden Smith,WR,DAL,2454,14,1,,,,
13242,Lawrance Toafili,RB,,2455,,1,,,,
13240,Toa Taua,RB,,2456,,1,,,,
13238,Winston Wright,WR,,2457,,1,,,,
13228,Ife Adeyi,WR,,2458,,1,,,,
13227,Mitch Van Vooren,WR,NE,2459,11,1,,,,
13225,Sam Brown,WR,,2460,,1,,,,
13222,Montana Lemonious-Craig,WR,,2461,,1,,,,
13221,Brett Gabbert,QB,,2462,,1,,,,
13217,Hunter Dekkers,QB,NO,2463,8,1,,,,
13212,Cade McDonald,WR,,2465,,1,,,,
13210,Drake Dabney,TE,GB,2466,11,1,,,,
13208,Kyrese Rowan,WR,,2467,,1,,,,
13205,Luke Deal,TE,,2468,,1,,,,
13202,Dalevon Campbell,WR,LAC,2469,7,1,,,,
13199,Montorie Foster,WR,SEA,2470,11,1,,,,
13194,Key'Shawn Smith,WR,,2471,,1,,,,
13193,Ketron Jackson,WR,,2472,,1,,,,
13191,TJ Sheffield,WR,,2473,,1,,,,
13190,Taylor Elgersma,QB,,2474,,1,,,,
13189,Luke Floriea,WR,CLE,2475,11,1,,,,
13179,Ja'seem Reed,WR,CAR,2476,5,1,,,,
13175,Kinkead Dent,QB,,2477,,1,,,,
13173,Jimmy Holiday,WR,KC,2478,5,1,,,,
13166,Kisean Johnson,WR,,2479,,1,,,,
13162,Maximilian Mang,TE,,2480,,1,,,,
13161,Zakhari Franklin,WR,,2481,,1,,,,
13160,Reggie Brown,TE,,2482,,1,,,,
13158,Sam Pitz,TE,,2483,,1,,,,
13154,Marcus Major,RB,,2484,,1,,,,
13153,Giles Jackson,WR,,2485,,1,,,,
13152,Justin Lockhart,WR,,2486,,1,,,,
13151,Nick Kallerup,TE,SEA,2487,11,1,,,,
13150,Darius Cooper,WR,PHI,2488,10,1,5.2,0.37,0.36,0.36
13145,ShunDerrick Powell,RB,,2489,,1,,,,
13143,Dymere Miller,WR,,2490,,1,,,,
13139,Taylor Morin,WR,,2491,,1,,,,
13136,Redd Douglas,WR,,2492,,1,,,,
13129,Jermaine Terry,TE,,2493,,1,,,,
13128,Rushawn Baker,RB,,2494,,1,,,,
13125,Micah Bernard,RB,,2495,,1,,,,
13124,Jeremiah Webb,WR,NE,2496,11,1,,,,
13122,Carter Runyon,TE,LV,2497,13,1,,,,
13121,Ben Yurosek,TE,MIN,2498,6,1,3,0.17,0.17,0.17
13120,Jacoby Jones,WR,WAS,2499,7,1,,,,
1312,Josh Bellamy,WR,,2500,,1,,,,
13119,Collin Schlee,QB,,2501,,1,,,,
13117,Qualan Jones,RB,,2502,,1,,,,
13116,Tre Watson,TE,KC,2503,5,1,,,,
13113,Dante Wright,WR,,2504,,1,,,,
13110,Zach Horton,TE,,2505,6,1,,,,
13108,Julian Fleming,WR,,2506,,1,,,,
13101,Gage Larvadain,WR,CLE,2507,11,1,1.4,0.08,0.07,0.07
13100,Eli Wilson,TE,,2508,,1,,,,
13088,Quali Conley,RB,,2509,,1,,,,
13085,Kole Taylor,TE,,2510,,1,,,,
13080,Deion Hankins,RB,,2511,,1,,,,
13079,Jahdae Walker,WR,CHI,2513,10,1,21.4,1.53,1.51,1.51
13075,Myles Price,WR,MIN,2514,6,1,,,,
13074,Isaiah Neyor,WR,GB,2515,11,1,,,,
13065,Ben Wooldridge,QB,,2516,,1,,,,
13064,Dorian Singer,WR,,2517,,1,,,,
13063,Darius Lassiter,WR,,2518,,1,,,,
13053,Daniel Jackson,WR,,2519,,1,,,,
13047,Jacardia Wright,RB,SEA,2521,11,1,3.3,0.23,0.24,0.24
13043,Chris Tyree,WR,,2522,,1,,,,
13042,Xavier Guillory,WR,BAL,2523,13,1,,,,
13041,Jahmal Banks,WR,,2524,,1,,,,
13034,Tyrone Broden,WR,,2525,,1,,,,
13032,Marshall Lang,TE,MIN,2526,6,1,,,,
13026,Moochie Dixon,WR,,2528,,1,,,,
13022,Sone Ntoh,RB,,2529,,1,,,,
13017,Hajj-Malik Williams,QB,,2530,,1,,,,
13014,Pat Conroy,TE,,2531,,1,,,,
13013,Mark Redman,TE,LAR,2532,11,1,,,,
13011,Brennan Presley,WR,LAR,2533,11,1,,,,
13010,Jordan Waters,RB,LAR,2534,11,1,,,,
13005,Anthony Torres,TE,,2535,,1,,,,
13003,Tru Edwards,WR,LAR,2536,11,1,,,,
13001,Mario Williams,WR,LAR,2537,11,1,,,,
12984,CJ Dippre,TE,NE,2538,11,1,,,,
12981,Gee Scott,TE,NYJ,2540,13,1,,,,
12976,DeMeer Blankumsee,WR,,2541,,1,,,,
12975,JJ Galbreath,TE,PIT,2542,9,1,,,,
12973,DJ Thomas-Jones,TE,,2543,,1,,,,
12972,Roc Taylor,WR,,2544,,1,,,,
12971,Ke'Shawn Williams,WR,CIN,2545,6,1,,,,
12969,Lan Larison,RB,NE,2546,11,1,,,,
12967,Jacolby George,WR,,2547,,1,,,,
12966,Moose Muhammad,WR,,2548,,1,,,,
12965,Ethan Garbers,QB,,2549,,1,,,,
12963,Kayron Lynch-Adams,RB,,2550,,1,,,,
12959,Bryce Pierre,TE,,2551,,1,,,,
12954,Kye Robichaux,RB,DET,2552,6,1,,,,
12953,Jalen White,RB,,2553,,1,,,,
12950,Robert Lewis,WR,,2554,,1,,,,
12946,Dontae Fleming,WR,MIN,2555,6,1,,,,
12941,Bryson Nesbit,TE,MIN,2556,6,1,,,,
12940,Tre Stewart,RB,,2557,,1,,,,
12939,Anthony Tyus,RB,CAR,2558,5,1,,,,
12938,Jackson Meeks,WR,DET,2559,6,1,,,,
12935,Jakobie Keeney-James,WR,,2560,,1,,,,
12933,Caden Prieskorn,TE,CAR,2561,5,1,,,,
12928,Amar Johnson,RB,LAC,2562,7,1,,,,
11533,Brandon Aubrey,K,DAL,,,,116,7.88,7.75,7.75
3451,Ka'imi Fairbairn,K,HOU,,,,113,7.7,7.88,7.88
11786,Cam Little,K,JAX,,,,112,7.47,7.17,7.31
2747,Jason Myers,K,SEA,,,,111,7.92,7.75,7.75
11792,Will Reichard,K,MIN,,,,109,7.35,7.29,7.44
1945,Chris Boswell,K,PIT,,,,107,6.94,6.72,7
7839,Evan McPherson,K,CIN,,,,106,7.78,7.18,7.56
8259,Cameron Dicker,K,LAC,,,,106,8.27,7.94,7.94
12015,Harrison Mevis,K,LAR,,,,106,7.75,7.75,7.75
12711,Tyler Loop,K,BAL,,,,106,7.96,7.71,7.56
6650,Chase McLaughlin,K,TB,,,,105,7.2,7.19,7.19
11539,Jake Bates,K,DET,,,,105,8,6.98,7.5
7042,Tyler Bass,K,BUF,,,,103,7,7.4,7.19
5189,Eddy Pineiro,K,SF,,,,101,7.25,7.4,7.25
2020,Cairo Santos,K,CHI,,,,100,7.26,7.19,7.19
3678,Wil Lutz,K,DEN,,,,100,6.81,7.19,7.19
4227,Harrison Butker,K,KC,,,,100,7.19,7.4,7.19
11058,Blake Grupe,K,IND,,,,99,6.88,6.8,6.94
12713,Andy Borregales,K,NE,,,,96,6.62,7.25,7.25
650,Nick Folk,K,ATL,,,,95,6.75,7.33,7.19
11653,Charlie Smyth,K,NO,,,,93,6.77,6.74,6.88
12961,Ryan Fitzgerald,K,CAR,,,,92,6.66,6.81,6.81
5119,Jason Sanders,K,NYJ,,,,91,6.71,6.94,6.94
10937,Jake Moody,K,WAS,,,,91,6.63,6.75,6.75
4195,Jake Elliott,K,PHI,,,,90,6.83,6.82,6.69
10955,Chad Ryland,K,ARI,,,,89,6.04,6.63,6.63
6528,Joey Slye,K,TEN,,,,84,6.7,6.31,6.31
11261,Andre Szmyt,K,CLE,,,,84,5.29,5.94,5.94
11610,Malik Washington,WR,MIA,,,,82.2,5.63,5.62,5.61
10226,Andrei Iosivas,WR,CIN,,,,75.3,5.55,5.44,5.45
6083,Matt Gay,K,LV,,,,75,6.91,7,7
13545,Trey Smack,K,GB,,,,70,6.88,7.14,7
4233,Zane Gonzalez,K,MIA,,,,60,2.95,3.19,3.19
12503,Isaiah Bond,WR,CLE,,,,58.8,1.75,1.64,1.64
12521,Elijah Arroyo,TE,SEA,,,,57.7,3.46,3.51,3.55
13833,Dominic Zvada,K,NYG,,,,56,5.46,5.44,5.44
12860,Theo Wease,WR,MIA,,,,55.1,2.72,2.74,2.73
12467,Jordan James,RB,SF,,,,54.2,2.67,2.88,2.88
11571,Isaiah Davis,RB,NYJ,,,,54,4.51,4.59,4.66
11626,Xavier Legette,WR,CAR,,,,54,2.84,2.8,2.77
12641,Jaylin Lane,WR,WAS,,,,53,3.72,3.86,3.71
5095,Daniel Carlson,K,,,,,52,,,
11370,Chris Brooks,RB,GB,,,,49.3,2.19,2.2,2.24
11581,MarShawn Lloyd,RB,GB,,,,48.3,1.94,1.96,1.99
12544,LeQuint Allen,RB,JAX,,,,47.2,3.03,2.94,2.94
1433,Brandon McManus,K,,,,,46,,,
13066,Ben Sauls,K,NYG,,,,41,1.76,1.75,1.75
7922,Riley Patterson,K,MIA,,,,37,3.24,3.5,3.5
12718,Konata Mumpfield,WR,LAR,,,,33.7,1.78,1.81,1.76
10231,Elijah Higgins,TE,ARI,,,,32.9,2.08,2.07,2.09
11570,Rasheen Ali,RB,BAL,,,,32.7,2.14,2.05,2.1
12505,Jalen Royals,WR,KC,,,,32.7,1.88,1.98,2.09
11199,Emari Demercado,RB,KC,,,,32.3,2.22,2.24,2.19
12485,Tez Johnson,WR,TB,,,,31.4,1.51,1.49,1.48
11600,Ja'Tavion Sanders,TE,CAR,,,,29.3,3.2,3.15,3.11
12670,KeAndre Lambert-Smith,WR,LAC,,,,29,1.95,1.94,1.91
11577,Will Shipley,RB,PHI,,,,28.8,1.88,1.84,1.89
12531,Trevor Etienne,RB,CAR,,,,28.6,1.62,1.61,1.63
12471,DJ Giddens,RB,IND,,,,27,1.56,1.61,1.63
10218,Xavier Hutchinson,WR,HOU,,,,26.5,2.29,2.39,2.39
11599,Cade Stover,TE,HOU,,,,26.2,1.58,1.65,1.65
12473,Mitchell Evans,TE,CAR,,,,25.4,1.75,1.73,1.71
12658,Jackson Hawes,TE,BUF,,,,25.4,1.66,1.61,1.6
11608,Isaiah Williams,WR,NYJ,,,,25.3,1.26,1.22,1.22
12523,Jimmy Horn,WR,CAR,,,,25.2,1.18,1.16,1.15
12542,Efton Chism,WR,NE,,,,25.2,0.5,0.27,0.27
10871,Luke Schoonmaker,TE,DAL,,,,24.9,1.55,1.61,1.56
11596,Ben Sinnott,TE,WAS,,,,24.9,1.38,1.43,1.38
11588,Jawhar Jordan,RB,HOU,,,,24.5,2.01,2.02,1.99
12541,Dont'e Thornton,WR,LV,,,,24.4,1.58,1.58,1.59
11377,Tyrell Shavers,WR,BUF,,,,24.2,1.19,1.16,1.15
12496,Tai Felton,WR,MIN,,,,24.2,1.3,1.32,1.32
11593,Brevyn Spann-Ford,TE,DAL,,,,23.4,1.18,1.23,1.19
12048,George Holani,RB,SEA,,,,23.2,1.25,1.3,1.29
12543,Tahj Brooks,RB,CIN,,,,22.9,1.54,1.61,1.53
11630,Roman Wilson,WR,PIT,,,,22.3,0.96,0.93,0.95
17,Matt Prater,K,,,,,22,,,
503,Graham Gano,K,,,,,22,,,
4666,Younghoe Koo,K,,,,,22,,,
5230,Michael Badgley,K,,,,,22,,,
11640,Jermaine Burton,WR,,,,,22,,,
13968,Drew Stevens,K,WAS,,,,22,1.78,1.81,1.81
12495,Ollie Gordon,RB,MIA,,,,21.7,2.56,2.51,2.52
11168,Xavier Smith,WR,LAR,,,,20.6,0.86,0.88,0.86
11651,Isaac Guerendo,RB,SF,,,,20.2,0.98,1.05,1.06
11623,Jordan Whittington,WR,LAR,,,,19.3,0.6,0.61,0.6
8258,Cade York,K,NYJ,,,,13,1.27,1.38,1.38
11562,Spencer Rattler,QB,NO,,,,12.68,,,
10217,Clayton Tune,QB,,,,,12.4,,,
11292,Tommy DeVito,QB,NE,,,,12.38,,,
12486,Dillon Gabriel,QB,CLE,,,,11.86,,,
11716,Tip Reiman,TE,ARI,,,,11.4,0.75,0.75,0.75
12482,Savion Williams,WR,GB,,,,10.6,1.96,1.97,1.99
11629,Devontez Walker,WR,BAL,,,,9.7,0.71,0.66,0.68
11299,Zavier Scott,RB,MIN,,,,9.1,0.37,0.38,0.36
11650,Luke McCaffrey,WR,WAS,,,,7.3,0.45,0.46,0.45
11439,Jaleel McLaughlin,RB,DEN,,,,6.5,0.91,0.92,0.9
12462,Damien Martinez,RB,GB,,,,6.5,0.11,0.11,0.11
10227,Payne Durham,TE,TB,,,,6.1,0.44,0.43,0.43
12548,Lenny Krieg,K,,,,,6,,,
13838,Will Ferrin,K,,,,,6,,,
11617,Malachi Corley,WR,CLE,,,,5.8,0.72,0.71,0.73
12738,Phil Mafah,RB,DAL,,,,5.7,0.87,0.85,0.82
11921,Xavier Weaver,WR,ARI,,,,5.6,0.33,0.32,0.33
12539,Arian Smith,WR,NYJ,,,,5.6,0.26,0.25,0.26
11606,Dallin Holker,TE,,,,,5.5,,,
11820,Devin Culp,TE,TB,,,,5.3,0.39,0.38,0.38
10444,Cedric Tillman,WR,CLE,,,,5.1,0.69,0.64,0.63
11034,Jalen Brooks,WR,ARI,,,,5,0.27,0.27,0.27
10212,Josh Whyle,TE,GB,,,,4.7,0.28,0.28,0.28
12516,Kalel Mullings,RB,TEN,,,,4.6,0.23,0.23,0.24
10214,Davis Allen,TE,LAR,,,,4.4,0.59,0.59,0.58
10216,Kenny McIntosh,RB,,,,,4.2,,,
11433,Nate Adkins,TE,DEN,,,,4.2,0.25,0.25,0.25
11371,Julian Hill,TE,NE,,,,4.1,,0.37,0.37
11574,Dylan Laube,RB,LV,,,,4.1,0.4,0.4,0.39
11994,Kameron Johnson,WR,TB,,,,3.8,0.42,0.42,0.41
12520,Xavier Restrepo,WR,TEN,,,,3.8,0.33,0.32,0.33
12472,Raheim Sanders,RB,CLE,,,,3.7,0.58,0.6,0.64
11201,Blake Whiteheart,TE,CLE,,,,3.4,0.35,0.33,0.32
10867,Jake Bobo,WR,SEA,,,,3.2,0.08,0.08,0.08
12475,Ricky White,WR,SEA,,,,3.2,0.06,0.06,0.06
5251,Tyler Davis,K,,,,,3,0.17,0.17,0.17
10210,Cameron Latu,TE,PHI,,,,3,0.1,0.1,0.1
11729,Sione Vaki,RB,DET,,,,3,0.27,0.28,0.27
11762,Anthony Gould,WR,IND,,,,2.7,0.14,0.14,0.14
12515,Donovan Edwards,RB,MIA,,,,2.1,0.05,0.05,0.05
12634,Jordan Watkins,WR,SF,,,,1.9,0.18,,
11616,Jacob Cowing,WR,SF,,,,1.2,0.02,0.02,0.02
11320,Nikko Remigio,WR,KC,,,,0.6,0.11,0.12,0.12
12699,LaJohntay Wester,WR,BAL,,,,0.5,0.21,0.19,0.2
10234,Derius Davis,WR,LAC,,,,-0.9,0.17,0.17,0.17
49,Robbie Gould,K,,,,,,,,
59,Mason Crosby,K,,,,,,,,
110,Stephen Gostkowski,K,,,,,,,,
111,Marcedes Lewis,TE,,,,,,,,
120,Adam Vinatieri,K,,,,,,,,
127,Matt Bryant,K,,,,,,,,
391,Ryan Succop,K,,,,,,,,
658,Mike Nugent,K,,,,,,,,
775,Stephen Hauschka,K,,,,,,,,
899,Dan Bailey,K,,,,,,,,
1029,Nick Foles,QB,,,,,,,,
1034,Brandon Bolden,RB,,,,,,,,
1048,Lamar Miller,RB,,,,,,,,
1049,Ryan Tannehill,QB,,,,,,,,
1067,Marvin Jones,WR,,,,,,,,
1071,Mohamed Sanu,WR,,,,,,,,
1077,Travis Benjamin,WR,,,,,,,,
1099,Randy Bullock,K,,,,,,,,
1110,T.Y. Hilton,WR,,,,,,,,
1144,Cole Beasley,WR,,,,,,,,
1149,Alshon Jeffery,WR,,,,,,,,
1169,Robert Griffin,QB,,,,,,,,
1170,Alfred Morris,RB,,,,,,,,
1211,Rhett Ellison,TE,,,,,,,,
1215,Jarius Wright,WR,,,,,,,,
1223,Garrett Celek,TE,,,,,,,,
1232,Robert Turbin,RB,,,,,,,,
1234,Russell Wilson,QB,,,,,,,,
1244,Josh Gordon,WR,,,,,,,,
1262,Alex Tanney,QB,,,,,,,,
1264,Justin Tucker,K,,,,,,,,
1266,Greg Zuerlein,K,,,,,,,,
1269,Bradley Sowell,TE,,,,,,,,
1273,Francis Owusu,WR,,,,,,,,
1287,Kai Forbath,K,,,,,,,,
1290,Jermaine Kearse,WR,,,,,,,,
1348,Dustin Hopkins,K,,,,,,,,
1974,Cody Parkey,K,,,,,,,,
2671,Josh Lambo,K,,,,,,,,
2802,Corey Acosta,K,,,,,,,,
2819,Mike Meyer,K,,,,,,,,
2911,Justin Manton,K,,,,,,,,
3460,Ross Martin,K,,,,,,,,
3467,Taylor Bertolet,K,,,,,,,,
3574,John Lunsford,K,,,,,,,,
3579,Marshall Morgan,K,,,,,,,,
3805,Jon Brown,K,,,,,,,,
3827,Aldrick Rosas,K,,,,,,,,
3890,Devon Bell,K,,,,,,,,
3909,Sam Ficken,K,,,,,,,,
4555,Andy Phillips,K,,,,,,,,
4958,Brett Maher,K,,,,,,,,
5247,David Marvin,K,,,,,,,,
5272,Greg Joseph,K,,,,,,,,
5386,Matt McCrane,K,,,,,,,,
5397,Trevor Moore,K,,,,,,,,
5460,Kaare Vedvik,K,,,,,,,,
5692,Ryan Santoso,K,,,,,,,,
5823,Tristan Vizcaino,K,,,,,,,,
5837,Redford Jones,K,,,,,,,,
5838,Phillip Andersen,K,,,,,,,,
6192,Chris Blewitt,K,,,,,,,,
6193,Cole Murphy,K,,,,,,,,
6208,Elliott Fry,K,,,,,,,,
6219,Austin Seibert,K,,,,,,,,
6268,Matthew Wright,K,,,,,,,,
6496,Cole Hedlund,K,,,,,,,,
6621,John Baron,K,,,,,,,,
6625,Clayton Hatfield,K,,,,,,,,
7062,Rodrigo Blankenship,K,,,,,,,,
7071,JJ Molson,K,,,,,,,,
7094,Lirim Hajrullahu,K,,,,,,,,
7095,Austin MacGinnis,K,,,,,,,,
7105,Ramiz Ahmed,K,,,,,,,,
7121,Justin Rohrwasser,K,,,,,,,,
7152,Sam Sloman,K,,,,,,,,
7201,Nick Vogel,K,,,,,,,,
7314,Dominik Eberle,K,,,,,,,,
7353,Bryce Sterk,TE,,,,,,,,
7446,Tucker McCann,K,,,,,,,,
7515,Sergio Castillo,K,,,,,,,,
7518,Taylor Russolino,K,,,,,,,,
7617,Matt Ammendola,K,,,,,,,,
7855,Blake Haubeil,K,,,,,,,,
7933,Alex Kessman,K,CAR,,,,,,,
7961,Jose Borregales,K,,,,,,,,
8040,Quinn Nordin,K,,,,,,,,
8042,Chris Naggar,K,,,,,,,,
8055,Brian Johnson,K,,,,,,,,
8056,Jake Verity,K,,,,,,,,
8260,Gabe Brkic,K,,,,,,,,
8536,Caleb Shudak,K,,,,,,,,
8577,James McCourt,K,,,,,,,,
8670,Parker Romo,K,,,,,,,,
8775,Andrew Mevis,K,,,,,,,,
8812,Jonathan Garibay,K,,,,,,,,
8893,Nick Sciba,K,,,,,,,,
8932,Lucas Havrisik,K,,,,,,,,
8937,Parker White,K,,,,,,,,
10211,Camerun Peoples,RB,,,,,,,,
10215,Jake Haener,QB,,,,,,,,
10220,Will Mallory,TE,IND,,,,,,,
10221,Ronnie Bell,WR,NO,,,,,,,
10223,Eric Gray,RB,NYG,,,,,,,
10224,Brayden Willis,TE,SF,,,,,,,
10225,Jonathan Mingo,WR,DAL,,,,,,,
10228,Charlie Jones,WR,CIN,,,,,,,
10230,Jalen Wayne,WR,,,,,,,,
10233,Max Duggan,QB,,,,,,,,
10235,Roschon Johnson,RB,CHI,,,,,,,
10651,Mohamed Ibrahim,RB,,,,,,,,
10857,Stetson Bennett,QB,LAR,,,,,,,
10858,Alex Quevedo,K,,,,,,,,
10860,Malik Cunningham,WR,DET,,,,,,,
10861,Xazavian Valladay,RB,,,,,,,,
10862,Dorian Thompson-Robinson,QB,,,,,,,,
10863,A.T. Perry,WR,PIT,,,,,,,
10865,Travis Dye,RB,,,,,,,,
10866,Aidan O'Connell,QB,LV,,,,,,,
10869,Matt Landers,WR,,,,,,,,
10870,Deneric Prince,RB,,,,,,,,
10983,Sean Clifford,QB,CIN,,,,,,,
11008,Anders Carlson,K,,,,,,,,
11024,Grant DuBose,WR,,,,,,,,
11046,Colton Dowell,WR,SF,,,,,,,
11053,Antoine Green,WR,,,,,,,,
11056,Jared Wayne,WR,HOU,,,,,,,
11060,Robert Burns,RB,,,,,,,,
11065,Adrian Martinez,QB,SF,,,,,,,
11068,Mitch Tinsley,WR,CIN,,,,,,,
11070,Kazmeir Allen,WR,,,,,,,,
11073,Thayer Thomas,WR,,,,,,,,
11077,Jack Podlesny,K,,,,,,,,
11080,Malik Knowles,WR,,,,,,,,
11081,Cephus Johnson,WR,,,,,,,,
11082,Ben Sims,TE,MIA,,,,,,,
11089,Jordan Byrd,WR,,,,,,,,
11092,B.T. Potter,K,TB,,,,,,,
11099,Kearis Jackson,WR,,,,,,,,
11102,Charles McClelland,RB,,,,,,,,
11104,SaRodorick Thompson,RB,,,,,,,,
11105,Shaquan Davis,WR,,,,,,,,
11111,Sy Barnett,WR,,,,,,,,
11113,Joel Wilson,TE,TEN,,,,,,,
11114,Elijah Dotson,RB,,,,,,,,
11115,Terrell Bynum,WR,,,,,,,,
11123,Tyler Hoosman,RB,,,,,,,,
11126,Michael Ezeike,TE,,,,,,,,
11130,Pokey Wilson,WR,,,,,,,,
11133,Jaray Jenkins,WR,,,,,,,,
11136,Oliver Martin,WR,,,,,,,,
11139,Elijah Cooks,WR,,,,,,,,
11140,Leonard Taylor,TE,,,,,,,,
11145,Tanner Brown,K,NO,,,,,,,
11146,Christopher Dunn,K,,,,,,,,
11148,Tyler Hudson,WR,,,,,,,,
11155,Christian Sims,TE,,,,,,,,
11157,Brycen Tremayne,WR,CAR,,,,,,,
11158,Jalen Sample,WR,,,,,,,,
11159,Zion Bowens,WR,,,,,,,,
11163,Tim DeMorat,QB,,,,,,,,
11169,Dresser Winn,QB,,,,,,,,
11172,Shae Wyatt,WR,,,,,,,,
11176,Khalan Laborn,RB,,,,,,,,
11182,Ronald Awatt,RB,,,,,,,,
11184,Daniel Arias,WR,,,,,,,,
11186,Carlos Washington,RB,MIA,,,,,,,
11189,Zay Malone,WR,,,,,,,,
11190,Keilahn Harris,WR,,,,,,,,
11191,Justin Marshall,WR,,,,,,,,
11192,Malik Flowers,WR,,,,,,,,
11197,Joel Honigford,TE,,,,,,,,
11204,Duece Watts,WR,,,,,,,,
11210,Malik Heath,WR,ATL,,,,,,,
11213,Camren McDonald,TE,,,,,,,,
11214,Tanner Morgan,QB,,,,,,,,
11216,Holton Ahlers,QB,,,,,,,,
11222,Marcus Cooper,RB,,,,,,,,
11223,John Hall,WR,,,,,,,,
11224,Griffin Hebert,TE,,,,,,,,
11225,Noah Gindorff,TE,,,,,,,,
11226,Tyjon Lindsey,WR,,,,,,,,
11229,Calvin Tyler,RB,,,,,,,,
11231,Christian Trahan,TE,,,,,,,,
11232,Isaiah Winstead,WR,,,,,,,,
11237,Jacob Saylors,RB,DET,,,,,,,
11245,Patrick Murtagh,TE,,,,,,,,
11247,Mac Hippenhammer,WR,,,,,,,,
11249,Chris Smith,RB,,,,,,,,
11257,Shedrick Jackson,WR,LV,,,,,,,
11262,Damien Caffrey,TE,,,,,,,,
11266,Thyrick Pitts,WR,,,,,,,,
11267,Aron Cruickshank,WR,,,,,,,,
11270,Hassan Hall,RB,,,,,,,,
11276,Joseph Ngata,WR,,,,,,,,
11280,Brady Russell,TE,SEA,,,,,,,
11282,Johnny King,WR,,,,,,,,
11283,Darius Hagans,RB,,,,,,,,
11284,Cody Chrest,WR,,,,,,,,
11298,Ryan Jones,TE,,,,,,,,
11301,Braxton Westfield,WR,,,,,,,,
11304,E.J. Jenkins,TE,PHI,,,,,,,
11306,Xavier Gipson,WR,NYG,,,,,,,
11311,Jason Brownlee,WR,KC,,,,,,,
11312,T.J. Luther,WR,,,,,,,,
11329,Josh Vann,WR,,,,,,,,
11344,Keytaon Thompson,WR,,,,,,,,
11347,Chase Cota,WR,,,,,,,,
11351,Thomas Greaney,TE,,,,,,,,
11357,Tyler Adams,WR,,,,,,,,
11359,Kody Case,WR,,,,,,,,
11366,Chris Coleman,WR,,,,,,,,
11367,Daewood Davis,WR,,,,,,,,
11374,James Blackman,QB,,,,,,,,
11378,Jordan Mims,RB,MIN,,,,,,,
11380,Johnny Lumpkin,TE,,,,,,,,
11381,Travis Vokolek,TE,ARI,,,,,,,
11382,Dontay Demus,WR,,,,,,,,
11384,Owen Wright,RB,,,,,,,,
11385,Brian Walker,TE,,,,,,,,
11387,Sean Ryan,WR,,,,,,,,
11388,Nolan Henderson,QB,,,,,,,,
11410,Braxton Burmeister,WR,,,,,,,,
11413,Ronnie Brown,RB,,,,,,,,
11415,Tanner Taula,TE,,,,,,,,
11418,Taye Barber,WR,,,,,,,,
11419,Kade Warner,WR,,,,,,,,
11421,Ryan Miller,WR,NYG,,,,,,,
11431,Isaiah Bowser,RB,,,,,,,,
11438,Dallas Daniels,WR,,,,,,,,
11445,Taylor Grimes,WR,,,,,,,,
11447,Kris Leach,TE,,,,,,,,
11452,Jesse Matthews,WR,,,,,,,,
11456,Tre'Shaun Harrison,WR,,,,,,,,
11457,Trey Wolff,K,,,,,,,,
11467,John Samuel Shenker,TE,,,,,,,,
11472,Alfonzo Graham,RB,,,,,,,,
11474,Dylan Drummond,WR,ATL,,,,,,,
11478,Gavin Holmes,WR,,,,,,,,
11483,Ellis Merriweather,RB,,,,,,,,
11491,Austin Aune,QB,,,,,,,,
11493,Jordan Murray,TE,,,,,,,,
11495,Bryan Thompson,WR,,,,,,,,
11496,Braydon Johnson,WR,,,,,,,,
11502,Brian Cobbs,WR,,,,,,,,
11504,Jose Barbon,WR,,,,,,,,
11505,David Durden,WR,,,,,,,,
11506,Jalen Moreno-Cropper,WR,NO,,,,,,,
11508,Princeton Fant,TE,DAL,,,,,,,
11511,John Stephens,TE,,,,,,,,
11520,Lucky Jackson,WR,DET,,,,,,,
11521,Jadakis Bonds,WR,,,,,,,,
11522,Jerome Kapp,WR,,,,,,,,
11523,Cody Chrest,WR,,,,,,,,
11524,Izaiah Gathings,TE,,,,,,,,
11526,Malachi Carter,WR,,,,,,,,
11528,Garett Maag,WR,,,,,,,,
11529,Ed Lee,WR,,,,,,,,
11530,Nick Williams,WR,,,,,,,,
11532,Matthew Trickett,K,,,,,,,,
11536,Milton Wright,WR,,,,,,,,
11537,Wayne Taulapapa,RB,,,,,,,,
11538,Toriano Clinton,RB,,,,,,,,
11540,La'Michael Pettway,TE,,,,,,,,
11543,Lachlan Pitts,TE,,,,,,,,
11544,Avery Davis,WR,,,,,,,,
11548,Aaron Dykes,RB,,,,,,,,
11554,Chase Cota,WR,,,,,,,,
11556,Devin Leary,QB,,,,,,,,
11558,Sam Hartman,QB,WAS,,,,,,,
11561,Michael Pratt,QB,,,,,,,,
11567,Jordan Travis,QB,,,,,,,,
11568,Blake Watson,RB,,,,,,,,
11573,Frank Gore,RB,BUF,,,,,,,
11580,Dillon Johnson,RB,,,,,,,,
11582,Carson Steele,RB,PHI,,,,,,,
11590,Jase McClellan,RB,,,,,,,,
11592,Erick All,TE,CIN,,,,,,,
11595,Jared Wiley,TE,KC,,,,,,,
11598,Tanner McLachlan,TE,SF,,,,,,,
11601,Trey Knox,TE,,,,,,,,
11605,Jaheim Bell,TE,PIT,,,,,,,
11607,Hayden Hatten,WR,,,,,,,,
11615,Ainias Smith,WR,CAR,,,,,,,
11619,Ja'Lynn Polk,WR,,,,,,,,
11621,Brenden Rice,WR,,,,,,,,
11633,Jamari Thrash,WR,CLE,,,,,,,
11636,Johnny Wilson,WR,PHI,,,,,,,
11644,Cody Schrader,RB,DEN,,,,,,,
11645,Javon Baker,WR,,,,,,,,
11648,Kedon Slovis,QB,ARI,,,,,,,
11649,Kendall Milton,RB,CIN,,,,,,,
11652,Louis Rees-Zammit,RB,,,,,,,,
11654,Dante Miller,RB,NYG,,,,,,,
11748,Bub Means,WR,NO,,,,,,,
11773,Keilan Robinson,RB,,,,,,,,
11789,Joshua Karty,K,,,,,,,,
11802,Tejhaun Palmer,WR,ARI,,,,,,,
11806,Casey Washington,WR,CAR,,,,,,,
11808,Jha'Quan Jackson,WR,HOU,,,,,,,
11815,Cornelius Johnson,WR,BAL,,,,,,,
11821,Tahj Washington,WR,MIA,,,,,,,
11848,Casey Bauman,QB,,,,,,,,
11850,Jeff Foreman,WR,,,,,,,,
11851,Carter Bradley,QB,JAX,,,,,,,
11857,Daijun Edwards,RB,,,,,,,,
11859,John Rhys Plumlee,QB,,,,,,,,
11862,Luke Benson,TE,,,,,,,,
11863,Leon Johnson,WR,,,,,,,,
11864,Zach Heins,TE,,,,,,,,
11867,Jaelen Gill,WR,,,,,,,,
11874,Jaylen Johnson,WR,,,,,,,,
11885,Ramel Keyton,WR,,,,,,,,
11886,Tulu Griffin,WR,,,,,,,,
11895,Mason Tipton,WR,NO,,,,,,,
11897,Jermaine Jackson,WR,,,,,,,,
11900,Jacob Kibodi,RB,,,,,,,,
11901,Kyle Sheets,WR,,,,,,,,
11906,Ty James,WR,,,,,,,,
11911,Jeshaun Jones,WR,MIN,,,,,,,
11913,Devron Harper,WR,,,,,,,,
11918,Ahmarean Brown,WR,,,,,,,,
11924,Tanner Mordecai,QB,,,,,,,,
11925,Terique Owens,WR,,,,,,,,
11931,Austin Reed,QB,,,,,,,,
11932,Mike DiLiello,QB,,,,,,,,
11940,JaQuae Jackson,WR,LAC,,,,,,,
11941,Isaiah Wooden,WR,,,,,,,,
11942,Colson Yankoff,TE,WAS,,,,,,,
11943,Michael Wiley,RB,,,,,,,,
11946,Marcus Rosemy-Jacksaint,WR,,,,,,,,
11947,Austin Jones,RB,,,,,,,,
11949,Brayden Narveson,K,,,,,,,,
11957,Sam Schnee,WR,,,,,,,,
11959,Bryce Oliver,WR,TEN,,,,,,,
11960,Steven Stilianos,TE,,,,,,,,
11961,Emory Jones,QB,,,,,,,,
11962,Tayvion Robinson,WR,,,,,,,,
11963,Chris Collier,RB,LV,,,,,,,
11964,Dayton Wade,WR,BAL,,,,,,,
11969,Xavier Johnson,WR,CIN,,,,,,,
11975,Jordan Terrell,RB,,,,,,,,
11982,Isaiah Washington,WR,,,,,,,,
11989,D.J. Williams,RB,,,,,,,,
11995,Zack Annexstad,QB,,,,,,,,
11998,Emani Bailey,RB,,,,,,,,
12001,Lawrence Keys,WR,DET,,,,,,,
12003,Gunnar Watson,QB,,,,,,,,
12007,Nathaniel Peat,RB,,,,,,,,
12009,Jack Plummer,QB,,,,,,,,
12013,Jaden Shirden,RB,,,,,,,,
12018,Sam Pinckney,WR,,,,,,,,
12019,Devin Carter,WR,,,,,,,,
12026,Kobe Lewis,RB,,,,,,,,
12028,TaMerik Williams,RB,,,,,,,,
12029,Tyler Harrell,WR,,,,,,,,
12033,OJ Hiliare,WR,,,,,,,,
12036,Ian Wheeler,RB,BUF,,,,,,,
12039,TD Ayo-Durojaiye,RB,,,,,,,,
12045,Jack Westover,TE,NE,,,,,,,
12046,Chevan Cordeiro,QB,,,,,,,,
12061,Noah Cain,RB,,,,,,,,
12062,Cam Grandy,TE,CIN,,,,,,,
12063,Rocky Lombardi,QB,,,,,,,,
12066,Elijah Collins,RB,,,,,,,,
12068,Mason Pline,TE,KC,,,,,,,
12070,McCallan Castles,TE,,,,,,,,
12074,Talik Keaton,WR,,,,,,,,
12077,Lincoln Victor,WR,,,,,,,,
12079,Treyton Welch,TE,NO,,,,,,,
12080,Aidan Robbins,RB,,,,,,,,
12085,Alec Holler,TE,,,,,,,,
12086,Cam Johnson,WR,,,,,,,,
12090,Corey Crooms,WR,,,,,,,,
12093,Geordon Porter,WR,,,,,,,,
12095,Jjay Mcafee,TE,,,,,,,,
12097,Ayir Asante,WR,,,,,,,,
12100,Chris Autman-Bell,WR,,,,,,,,
12107,Dylan Leonard,TE,,,,,,,,
12112,Camden Lewis,K,,,,,,,,
12113,Thomas Yassmin,TE,GB,,,,,,,
12114,Joshua Cephus,WR,,,,,,,,
12118,Jacob Warren,TE,,,,,,,,
12121,Deshaun Fenwick,RB,,,,,,,,
12126,Isaac Rex,TE,,,,,,,,
12129,Jalon Calhoun,WR,,,,,,,,
12133,Drake Stoops,WR,,,,,,,,
12134,Sam Wiglusz,WR,,,,,,,,
12135,Neal Johnson,TE,,,,,,,,
12144,Je'Quan Burton,WR,,,,,,,,
12149,Gavin Hardison,QB,,,,,,,,
12150,Jarveon Howard,RB,,,,,,,,
12151,Julian Hicks,WR,,,,,,,,
12154,Messiah Swinson,TE,GB,,,,,,,
12156,James Turner,K,,,,,,,,
12165,Spencer Sanders,QB,,,,,,,,
12166,Trey Potts,RB,,,,,,,,
12168,Zach Mathis,WR,,,,,,,,
12169,Reggie Brown,WR,,,,,,,,
12170,Jaaron Hayek,WR,,,,,,,,
12171,British Brooks,RB,HOU,,,,,,,
12173,Jaxon Janke,WR,,,,,,,,
12180,Alex McNulty,K,,,,,,,,
12185,Spencer Shrader,K,IND,,,,,,,
12187,Malcolm Epps,TE,,,,,,,,
12188,Justin Strong,RB,,,,,,,,
12189,Xavier White,WR,,,,,,,,
12190,Jason Bean,QB,,,,,,,,
12191,Trent Pennix,TE,,,,,,,,
12197,John Paddock,QB,,,,,,,,
12198,Wayne Ruby,WR,,,,,,,,
12210,Cole Burgess,WR,PIT,,,,,,,
12212,Austin Stogner,TE,,,,,,,,
12215,Kevin Foelsch,TE,,,,,,,,
12217,Shawn Bowman,TE,,,,,,,,
12218,Jalen Jackson,RB,,,,,,,,
12220,Brevin Easton,WR,,,,,,,,
12222,Joseph Scates,WR,,,,,,,,
12224,David White,WR,,,,,,,,
12226,Lorenzo Lingard,RB,,,,,,,,
12231,JJ Laap,WR,,,,,,,,
12235,Marcus Riley,WR,,,,,,,,
12237,Lincoln Sefcik,TE,,,,,,,,
12239,Peewee Jarrett,QB,,,,,,,,
12244,DeAngelo Hardy,WR,,,,,,,,
12245,Jelani Baker,WR,,,,,,,,
12246,Mike Rigerman,TE,,,,,,,,
12250,Riley Sharp,TE,,,,,,,,
12254,Phillip Brooks,WR,,,,,,,,
12256,Baylor Cupp,TE,,,,,,,,
12259,Taulia Tagovailoa,QB,,,,,,,,
12260,Mason Fairchild,TE,,,,,,,,
12264,Cole Beck,WR,,,,,,,,
12267,Qadir Ismail,WR,CHI,,,,,,,
12268,Colby Suits,QB,,,,,,,,
12270,Andrew Peasley,QB,,,,,,,,
12276,RJ Mobley,WR,,,,,,,,
12277,John Matocha,QB,,,,,,,,
12278,Jacob Sirmon,QB,,,,,,,,
12281,Dimitri Stanley,WR,,,,,,,,
12283,Dylan McDuffie,RB,,,,,,,,
12284,Michael Herzog,RB,,,,,,,,
12285,Cade Peterson,QB,,,,,,,,
12288,Mathieu Severance,RB,,,,,,,,
12291,Dakota Caton,WR,,,,,,,,
12296,Kaylon Horton,WR,,,,,,,,
12300,Joshua Lingenfelter,TE,,,,,,,,
12306,La'Damian Webb,RB,,,,,,,,
12308,Samson Evans,RB,,,,,,,,
12311,Daniel George,WR,,,,,,,,
12312,Noah Rauschenberg,K,,,,,,,,
12314,Beau Corrales,WR,,,,,,,,
12320,Treyton Pickering,TE,,,,,,,,
12324,William Thompson,QB,,,,,,,,
12333,Dakereon Joyner,WR,,,,,,,,
12340,Alex Larson,TE,,,,,,,,
12341,Markese Stepp,RB,,,,,,,,
12350,Anthony Grant,RB,,,,,,,,
12352,Jeremy Moussa,QB,,,,,,,,
12354,Easton Dean,TE,,,,,,,,
12355,Treveyon Pratt,WR,,,,,,,,
12356,Jabari Small,RB,DET,,,,,,,
12357,David Martin-Robinson,TE,TEN,,,,,,,
12360,Latreal Jones,WR,,,,,,,,
12361,Aeneas Dennis,QB,,,,,,,,
12363,Xavier Wade,WR,,,,,,,,
12370,Praise Olatoke,WR,,,,,,,,
12372,Vincent Blanchard,K,,,,,,,,
12373,Peter LeBlanc,WR,,,,,,,,
12374,Brenden Bates,TE,CLE,,,,,,,
12383,John Jiles,WR,,,,,,,,
12385,Jude McAtamney,K,,,,,,,,
12389,Hayden Rucci,TE,SF,,,,,,,
12392,Tre Mosley,WR,,,,,,,,
12395,Tanner Knue,WR,,,,,,,,
12398,Jadon Janke,WR,,,,,,,,
12399,Caleb Chapman,WR,,,,,,,,
12402,Ramon Jefferson,RB,,,,,,,,
12403,Valentino Ambrosio,K,,,,,,,,
12404,Colton Theaker,K,,,,,,,,
12408,Michael Hiers,QB,,,,,,,,
12410,John Jackson,WR,,,,,,,,
12412,Terrell Jennings,RB,NE,,,,,,,
12413,Hamze El-Zayat,WR,,,,,,,,
12421,David Wallis,WR,,,,,,,,
12431,Rory Starkey,WR,,,,,,,,
12433,Ben Bryant,QB,,,,,,,,
12434,Kairee Robinson,RB,,,,,,,,
12435,Geor'Quarius Spivey,TE,,,,,,,,
12438,Alex Hale,K,,,,,,,,
12443,Devon Garrison,TE,,,,,,,,
12453,Ontaria Wilson,WR,,,,,,,,
12460,Antwane Wells,WR,ATL,,,,,,,
12477,Kurtis Rourke,QB,SF,,,,,,,
12478,Nick Nash,WR,WAS,,,,,,,
12479,Ja'Quinden Jackson,RB,,,,,,,,
12480,Moliki Matavao,TE,NO,,,,,,,
12488,Kobe Hudson,WR,,,,,,,,
12491,Corey Kiner,RB,ARI,,,,,,,
12494,Kyle McCord,QB,GB,,,,,,,
12528,Ajou Ajou,WR,,,,,,,,
12532,Ja'Corey Brooks,WR,,,,,,,,
12538,Brady Cook,QB,NYJ,,,,,,,
12546,Marcus Yarns,RB,,,,,,,,
12549,Jordan Petaia,TE,,,,,,,,
12551,Colin Granger,TE,,,,,,,,
12656,Robbie Ouzts,RB,SEA,,,,,,,
12688,Cam Miller,QB,MIA,,,,,,,
12690,Tommy Mellott,WR,,,,,,,,
12700,Gavin Bartholomew,TE,MIN,,,,,,,
12705,Graham Mertz,QB,HOU,,,,,,,
12715,Thomas Fidone,TE,NYG,,,,,,,
12721,Kaden Prather,WR,GB,,,,,,,
12725,Luke Lachey,TE,GB,,,,,,,
12732,Dominic Lovett,WR,DET,,,,,,,
12735,Caleb Lohner,TE,DEN,,,,,,,
12743,Junior Bergen,WR,SF,,,,,,,
12746,JP Richardson,WR,CHI,,,,,,,
12750,Jonathan Kim,K,,,,,,,,
12753,Jamoi Mayes,WR,,,,,,,,
12755,Kelly Akharaiyi,WR,,,,,,,,
12756,Stephen Gosnell,WR,BUF,,,,,,,
12757,Hal Presley,WR,,,,,,,,
12760,Rashod Owens,WR,,,,,,,,
12761,Jordan Moore,WR,CIN,,,,,,,
12762,Payton Thorne,QB,,,,,,,,
12765,Keleki Latu,TE,BUF,,,,,,,
12772,Courtney Jackson,WR,TEN,,,,,,,
12773,DJ Uiagalelei,QB,LAC,,,,,,,
12775,Max Brosmer,QB,MIN,,,,,,,
12776,Connor Bazelak,QB,TB,,,,,,,
12777,Joaquin Davis,WR,PIT,,,,,,,
12778,Jerjuan Newton,WR,,,,,,,,
12786,Anthony Landphere,TE,,,,,,,,
12787,Josh Williams,RB,TB,,,,,,,
12788,Will Sheppard,WR,GB,,,,,,,
12791,Ryan Coe,K,,,,,,,,
12792,Garrett Greene,QB,TB,,,,,,,
12797,Ahmani Marshall,RB,CLE,,,,,,,
12799,Bryson Green,WR,ARI,,,,,,,
12800,Oscar Cardenas,TE,,,,,,,,
12803,Luke Grimm,WR,LAC,,,,,,,
12809,Mac Dalena,WR,BUF,,,,,,,
12810,Elijhah Badger,WR,,,,,,,,
12815,Stevo Klotz,TE,,,,,,,,
12817,Jake Briningstool,TE,KC,,,,,,,
12818,Elijah Young,RB,,,,,,,,
12820,Landon Parker,WR,,,,,,,,
12824,Maddux Trujillo,K,,,,,,,,
12826,Ulysses Bentley,RB,IND,,,,,,,
12829,Coleman Owen,WR,IND,,,,,,,
12831,Tyler Kahmann,WR,,,,,,,,
12832,Blayne Taylor,WR,,,,,,,,
12834,Jimmy Bell,TE,,,,,,,,
12848,Josh Kelly,WR,HOU,,,,,,,
12849,Traeshon Holden,WR,DAL,,,,,,,
12850,Tyler Neville,TE,,,,,,,,
12851,Rivaldo Fairweather,TE,ARI,,,,,,,
12852,Monaray Baldwin,WR,,,,,,,,
12859,Nate Noel,RB,,,,,,,,
12863,Andrew Armstrong,WR,KC,,,,,,,
12865,AJ Henning,WR,MIA,,,,,,,
12866,Jalin Conyers,TE,,,,,,,,
12868,Montrell Johnson,RB,,,,,,,,
12880,Silas Bolden,WR,,,,,,,,
12883,Joshua Simon,TE,ATL,,,,,,,
12884,Quincy Skinner,WR,NYJ,,,,,,,
12888,Dalen Cambre,WR,NYG,,,,,,,
12889,Beaux Collins,WR,NYG,,,,,,,
12891,Jordan Bly,WR,,,,,,,,
12892,Da'Quan Felton,WR,NYJ,,,,,,,
12893,Nate McCollum,WR,,,,,,,,
12897,Nathan Carter,RB,ATL,,,,,,,
12898,Seth Henigan,QB,,,,,,,,
12901,Patrick Herbert,TE,JAX,,,,,,,
12905,John Copenhaver,TE,,,,,,,,
12906,Cam Camper,WR,NYJ,,,,,,,
12907,Quentin Skinner,WR,BUF,,,,,,,
12908,Chandler Brayboy,WR,JAX,,,,,,,
12909,Eli Pancol,WR,IND,,,,,,,
12913,J.J. Jones,WR,,,,,,,,
12925,Jamaal Pritchett,WR,NYJ,,,,,,,
13149,Caden Davis,K,,,,,,,,
13211,John Hoyland,K,,,,,,,,
13237,Mark McNamee,K,,,,,,,,
13644,Mason Shipley,K,,,,,,,,
13710,Gabriel Plascencia,K,,,,,,,,
13731,Luke Drzewiecki,K,,,,,,,,
13764,Chris Freeman,K,,,,,,,,
13804,Kansei Matsuzawa,K,LV,,,,,,,
13813,Laith Marjan,K,PIT,,,,,,,
13842,Ethan Sanchez,K,,,,,,,,
13990,Paul Geelen,K,,,,,,,,
14063,Liam Clifford,WR,IND,,,,,,,
14064,Roydell Williams,RB,IND,,,,,,,
